txn_id,account_id,merchant_id,amount,txn_type,txn_date,txn_time,city,is_fraud
200548,229,168,2094.46,debit,2024-02-15,06:54:00,Pune,0
200985,252,134,1942.9,debit,2024-03-08,14:42:00,Kolkata,0
200713,11,150,4754.21,debit,2024-07-15,23:51:00,Pune,0
200639,238,18,2473.13,withdrawal,2024-08-24,01:12:00,Bengaluru,0
200472,207,97,3299.85,debit,2024-02-28,10:21:00,Mumbai,0
201150,38,128,2244.32,debit,2024-10-15,04:36:00,Ahmedabad,0
200393,197,182,4075.3,debit,2024-11-27,10:42:00,Kolkata,0
201159,140,14,4321.19,debit,2024-11-27,06:15:00,Pune,0
201022,259,91,2863.59,debit,2024-04-24,20:22:00,Bengaluru,0
200427,296,66,1073.82,refund,2024-06-23,12:33:00,Kolkata,0
201133,292,91,3234.5,debit,2024-02-19,08:39:00,Bengaluru,0
200417,128,16,700.54,debit,2024-05-11,05:53:00,Hyderabad,0
200718,250,120,599.06,debit,2024-11-23,15:07:00,Delhi,0
200979,176,55,3303.69,debit,2024-05-20,17:11:00,Pune,0
200836,192,137,4911.65,debit,2024-05-10,21:12:00,Kolkata,0
200829,300,106,755.99,debit,2024-06-13,08:14:00,Hyderabad,0
200805,193,196,5344.81,debit,2024-07-20,08:01:00,Chennai,0
200748,260,173,4931.78,debit,2024-02-20,22:27:00,Chennai,0
200072,204,143,1771.36,debit,2024-01-20,16:57:00,Delhi,0
200699,4,158,2514.96,debit,2024-08-18,18:00:00,Bengaluru,0
200044,65,141,678.66,debit,2024-09-14,23:58:00,Mumbai,0
201124,89,5,336.67,debit,2024-09-24,13:57:00,Ahmedabad,0
200926,57,156,1096.95,debit,2024-10-17,06:30:00,Delhi,0
201072,19,181,4858.97,debit,2024-04-05,00:05:00,Pune,0
201406,228,10,2089.61,refund,2024-05-26,13:41:00,Ahmedabad,0
200644,184,63,4155.06,debit,2024-11-08,06:13:00,Hyderabad,0
200279,249,118,3071.74,withdrawal,2024-01-02,10:04:00,Mumbai,0
200309,75,196,3078.43,debit,2024-05-01,17:12:00,Chennai,0
201264,94,170,1327.27,withdrawal,2024-01-05,04:13:00,Bengaluru,0
200064,156,162,2878.12,withdrawal,2024-06-17,04:43:00,Ahmedabad,0
200607,39,4,7713.62,debit,2024-08-17,09:49:00,Chennai,0
200596,289,65,2751.84,debit,2024-11-16,18:27:00,Hyderabad,0
200096,101,66,2191.67,debit,2024-05-18,09:34:00,Kolkata,0
200112,117,139,1508.09,debit,2024-03-06,16:48:00,Mumbai,0
200709,33,168,2139.29,withdrawal,2024-05-28,02:31:00,Pune,0
201051,55,58,1754.89,withdrawal,2024-08-11,12:13:00,Kolkata,0
201316,148,40,1898.19,withdrawal,2024-07-01,10:22:00,Pune,0
200242,227,196,7177.47,credit,2024-11-04,06:15:00,Chennai,0
200331,15,119,3865.48,debit,2024-11-02,09:19:00,Delhi,0
200705,236,162,3097.93,withdrawal,2024-10-20,05:20:00,Ahmedabad,0
200694,239,90,3041.49,debit,2024-02-06,06:38:00,Kolkata,0
200147,28,67,458.5,debit,2024-01-18,09:40:00,Delhi,0
200826,59,157,2780.36,debit,2024-09-21,10:08:00,Pune,0
200873,296,99,2480.14,refund,2024-04-03,08:16:00,Mumbai,0
201207,26,129,1502.87,debit,2024-09-27,13:47:00,Bengaluru,0
201052,198,3,149.7,debit,2024-08-16,06:12:00,Ahmedabad,0
200201,8,62,4755.07,refund,2024-09-18,16:45:00,Hyderabad,0
200061,266,92,3645.14,withdrawal,2024-10-17,01:25:00,Hyderabad,0
200587,184,58,1390.6,debit,2024-04-01,00:07:00,Kolkata,0
200598,104,152,590.82,debit,2024-05-17,13:33:00,Ahmedabad,0
200716,261,121,2777.42,credit,2024-09-17,16:27:00,Chennai,0
201390,139,145,6857.97,debit,2024-04-07,20:08:00,Kolkata,0
201183,143,30,1268.56,debit,2024-10-10,13:12:00,Hyderabad,0
200102,163,115,848.68,debit,2024-09-24,02:10:00,Mumbai,0
200879,90,67,1122.89,debit,2024-10-26,16:47:00,Delhi,0
200784,80,81,4613.29,withdrawal,2024-09-28,18:28:00,Bengaluru,0
201356,140,118,1845.81,credit,2024-01-11,17:32:00,Mumbai,0
200416,116,100,6135.96,withdrawal,2024-11-21,12:31:00,Delhi,0
200326,43,16,664.03,debit,2024-06-16,01:35:00,Hyderabad,0
200119,12,195,4678.41,debit,2024-10-28,05:20:00,Hyderabad,0
201064,41,60,2196.94,debit,2024-04-24,06:15:00,Delhi,0
201242,35,31,3260.69,debit,2024-08-12,03:12:00,Bengaluru,0
200852,175,22,2219.84,debit,2024-04-15,11:29:00,Mumbai,0
201432,96,184,382.02,debit,2024-01-06,06:48:00,Hyderabad,0
200059,244,101,2484.13,debit,2024-04-28,07:09:00,Hyderabad,0
201077,189,41,3923.09,debit,2024-04-26,10:57:00,Hyderabad,0
200128,270,92,4212.44,debit,2024-03-08,22:08:00,Hyderabad,0
200352,294,160,533.09,debit,2024-01-27,11:07:00,Ahmedabad,0
200649,35,58,1690.14,debit,2024-04-12,23:27:00,Kolkata,0
200118,193,42,2735.03,debit,2024-01-20,07:15:00,Kolkata,0
200588,134,51,3000.35,debit,2024-04-05,15:21:00,Pune,0
200190,19,198,2523.42,refund,2024-07-20,19:05:00,Kolkata,0
201082,70,106,375.9,debit,2024-07-08,17:33:00,Hyderabad,0
201415,117,122,5619.74,debit,2024-03-28,15:11:00,Delhi,0
200586,179,137,3943.93,debit,2024-01-06,07:11:00,Kolkata,0
200253,106,28,1172.46,debit,2024-09-05,21:38:00,Mumbai,0
201243,190,30,1218.38,debit,2024-07-09,06:16:00,Hyderabad,0
200863,58,125,3946.33,debit,2024-07-07,03:09:00,Mumbai,0
201450,67,122,4085.58,debit,2024-05-08,01:51:00,Delhi,0
200010,181,175,4651.41,debit,2024-10-16,18:36:00,Hyderabad,0
201297,123,190,3188.87,debit,2024-02-04,10:57:00,Kolkata,0
200398,240,60,2531.65,refund,2024-08-14,21:34:00,Delhi,0
200563,296,187,1706.65,debit,2024-02-01,09:04:00,Kolkata,0
200886,134,53,1414.21,debit,2024-07-22,00:42:00,Ahmedabad,0
201080,117,21,1686.94,debit,2024-11-09,18:00:00,Mumbai,0
200180,185,157,232.17,debit,2024-07-02,06:31:00,Pune,0
200229,34,61,903.21,debit,2024-04-28,04:43:00,Mumbai,0
201152,220,119,5011.26,debit,2024-08-18,17:09:00,Delhi,0
200355,209,118,1787.49,debit,2024-10-18,02:12:00,Mumbai,0
201128,117,97,1761.73,debit,2024-03-18,21:18:00,Mumbai,0
200186,1,197,849.07,debit,2024-06-03,14:00:00,Chennai,0
200452,190,165,3114.43,debit,2024-09-19,13:14:00,Kolkata,0
200207,5,132,5171.41,credit,2024-04-19,03:58:00,Bengaluru,0
200841,56,32,1176.6,withdrawal,2024-09-01,00:39:00,Pune,0
201076,178,125,3788.92,debit,2024-10-15,15:10:00,Mumbai,0
200375,137,196,4111.89,credit,2024-02-02,06:39:00,Chennai,0
201375,12,154,2038.22,debit,2024-06-08,07:51:00,Bengaluru,0
201187,249,35,324.22,withdrawal,2024-04-08,18:06:00,Pune,0
200667,53,166,1100.61,debit,2024-07-12,19:27:00,Kolkata,0
200276,139,157,2470.55,debit,2024-11-23,12:56:00,Pune,0
200505,150,65,2871.32,refund,2024-04-18,11:58:00,Hyderabad,1
200018,212,105,4224.67,debit,2024-06-02,17:57:00,Mumbai,0
201146,280,76,1928.78,credit,2024-03-13,17:56:00,Chennai,0
200889,8,85,1624.62,debit,2024-09-23,05:07:00,Mumbai,0
201334,239,59,5725.66,debit,2024-11-10,03:05:00,Bengaluru,0
201009,41,96,3653.81,debit,2024-06-10,02:56:00,Hyderabad,0
200603,47,159,1251.82,credit,2024-05-13,10:33:00,Hyderabad,0
200542,277,15,5277.42,debit,2024-02-23,15:30:00,Hyderabad,0
200559,269,167,3333.82,credit,2024-03-19,10:56:00,Mumbai,0
201485,133,152,1153.42,debit,2024-04-13,20:41:00,Ahmedabad,0
200325,54,35,432.3,refund,2024-04-19,14:03:00,Pune,0
200464,152,12,4330.3,credit,2024-01-26,22:29:00,Kolkata,0
200390,20,22,2372.49,withdrawal,2024-04-16,18:58:00,Mumbai,0
200314,119,177,1133.95,debit,2024-06-02,22:48:00,Chennai,0
201341,107,190,2276.74,debit,2024-08-26,03:41:00,Kolkata,0
200490,189,9,4190.4,debit,2024-08-13,21:00:00,Pune,0
200466,252,46,2542.65,debit,2024-06-16,04:54:00,Pune,0
200531,271,176,634.11,debit,2024-06-08,20:57:00,Hyderabad,0
200286,49,47,4438.61,debit,2024-08-18,09:35:00,Ahmedabad,0
200984,242,82,2409.07,withdrawal,2024-04-03,00:05:00,Mumbai,0
200741,105,19,4449.3,refund,2024-09-22,03:48:00,Pune,0
200359,116,73,2031.21,debit,2024-03-04,09:51:00,Hyderabad,0
200669,124,87,3482.9,debit,2024-09-10,05:26:00,Bengaluru,0
201245,122,117,3872.72,withdrawal,2024-09-06,05:08:00,Mumbai,0
200028,41,29,9134.78,debit,2024-04-16,03:40:00,Chennai,0
201184,186,93,3326.51,debit,2024-09-05,04:16:00,Mumbai,0
201040,77,197,657.58,debit,2024-08-10,11:33:00,Chennai,0
200807,272,6,1869.34,debit,2024-11-02,19:45:00,Bengaluru,0
200264,116,89,4552.15,debit,2024-11-13,21:55:00,Kolkata,0
201428,126,121,2324.98,debit,2024-10-26,12:16:00,Chennai,0
200024,42,4,4416.66,withdrawal,2024-11-01,14:45:00,Chennai,0
200411,211,135,1924.87,debit,2024-03-24,19:47:00,Ahmedabad,0
200618,131,99,2435.47,debit,2024-03-13,13:45:00,Mumbai,0
200766,50,20,1966.35,debit,2024-04-17,12:10:00,Mumbai,0
200937,63,10,3351.08,debit,2024-10-26,21:40:00,Ahmedabad,0
200948,124,99,2293.74,debit,2024-01-19,13:15:00,Mumbai,0
200869,224,29,1843.0,debit,2024-05-21,23:38:00,Chennai,0
200168,101,53,3487.76,debit,2024-03-11,14:29:00,Ahmedabad,0
201045,60,35,371.73,withdrawal,2024-11-27,15:22:00,Pune,0
200142,247,39,1002.21,debit,2024-11-26,21:44:00,Hyderabad,0
200349,225,172,1645.07,debit,2024-11-08,12:02:00,Hyderabad,0
201289,48,17,1716.79,debit,2024-09-12,03:45:00,Delhi,0
200250,134,43,1709.93,refund,2024-07-20,22:46:00,Mumbai,0
200345,49,26,2590.08,withdrawal,2024-08-22,13:09:00,Ahmedabad,0
201106,148,3,240.85,debit,2024-03-12,22:52:00,Ahmedabad,0
200014,97,100,3374.84,debit,2024-08-16,02:55:00,Delhi,0
200109,145,146,1993.11,debit,2024-05-13,03:37:00,Kolkata,0
200432,183,42,1494.89,debit,2024-03-24,20:47:00,Kolkata,0
200906,135,55,4094.45,debit,2024-05-20,01:55:00,Pune,0
201114,43,46,5753.0,withdrawal,2024-07-07,07:31:00,Pune,0
200379,190,13,6354.97,debit,2024-03-26,11:49:00,Ahmedabad,0
200035,120,142,819.2,withdrawal,2024-06-14,08:15:00,Mumbai,0
200205,34,125,5194.27,withdrawal,2024-01-01,22:38:00,Mumbai,0
200099,132,150,3327.68,debit,2024-09-08,03:26:00,Pune,0
200211,70,68,906.35,debit,2024-06-18,10:51:00,Mumbai,0
200362,118,53,2212.74,debit,2024-11-23,04:26:00,Ahmedabad,0
200431,242,88,960.45,withdrawal,2024-07-27,22:07:00,Kolkata,0
201068,86,19,1246.03,credit,2024-07-23,04:31:00,Pune,0
200415,127,161,2499.59,withdrawal,2024-09-01,13:35:00,Hyderabad,0
201330,184,81,3952.45,debit,2024-03-16,17:20:00,Bengaluru,0
200657,92,185,7890.14,debit,2024-01-14,04:38:00,Bengaluru,0
201276,53,32,2814.56,debit,2024-04-16,08:29:00,Pune,0
200975,85,200,1717.59,withdrawal,2024-04-05,09:14:00,Hyderabad,0
200173,292,3,114.74,debit,2024-11-20,23:41:00,Ahmedabad,0
200025,277,37,114.82,withdrawal,2024-03-27,07:04:00,Chennai,0
200111,297,69,2737.78,debit,2024-09-17,04:36:00,Mumbai,0
200016,54,115,2037.35,debit,2024-02-22,16:25:00,Mumbai,0
201296,197,11,2533.08,debit,2024-01-01,02:11:00,Ahmedabad,0
200904,219,18,2110.47,debit,2024-07-15,08:37:00,Bengaluru,0
201282,208,116,1088.4,debit,2024-06-15,02:14:00,Hyderabad,0
200148,165,146,5353.77,debit,2024-04-19,15:45:00,Kolkata,0
200504,215,51,2659.01,debit,2024-06-09,07:00:00,Pune,0
201395,89,165,2054.62,debit,2024-01-18,21:12:00,Kolkata,0
200187,11,184,946.53,debit,2024-03-13,09:00:00,Hyderabad,0
200682,92,60,2141.3,withdrawal,2024-09-26,10:40:00,Delhi,0
201103,143,44,3152.92,debit,2024-07-28,15:25:00,Kolkata,0
200474,252,34,3281.96,debit,2024-06-13,03:06:00,Pune,0
201012,55,38,4305.78,debit,2024-09-27,23:19:00,Kolkata,0
200100,4,132,5129.84,debit,2024-09-19,04:56:00,Bengaluru,0
200005,184,9,2276.68,credit,2024-04-03,05:51:00,Pune,0
200465,33,31,5514.22,withdrawal,2024-03-12,15:31:00,Bengaluru,0
200047,299,60,2500.56,debit,2024-03-19,11:02:00,Delhi,0
200880,45,196,7075.69,debit,2024-09-27,15:17:00,Chennai,0
200263,176,109,1274.51,debit,2024-06-26,00:06:00,Hyderabad,0
200295,176,166,861.76,debit,2024-11-26,23:55:00,Kolkata,0
200451,79,182,5144.14,debit,2024-11-09,23:05:00,Kolkata,0
200368,129,54,3696.71,debit,2024-04-10,12:35:00,Delhi,0
200830,222,63,4998.96,credit,2024-03-27,11:52:00,Hyderabad,0
200957,91,135,2254.71,debit,2024-05-02,19:56:00,Ahmedabad,0
200489,75,113,5254.46,debit,2024-09-03,22:03:00,Chennai,0
200285,68,153,1004.56,debit,2024-09-12,08:00:00,Ahmedabad,0
200749,80,11,1456.45,debit,2024-05-17,04:27:00,Ahmedabad,0
201083,138,159,3022.45,withdrawal,2024-07-09,11:19:00,Hyderabad,0
201202,60,25,738.33,withdrawal,2024-07-07,00:33:00,Ahmedabad,0
200968,175,123,5363.74,withdrawal,2024-02-08,14:33:00,Bengaluru,0
200114,19,34,3439.0,credit,2024-01-21,00:43:00,Pune,0
200387,269,148,1348.06,credit,2024-11-26,16:19:00,Ahmedabad,0
200052,7,153,2242.3,debit,2024-09-26,17:08:00,Ahmedabad,0
201145,260,172,2093.05,debit,2024-01-08,01:14:00,Hyderabad,0
201329,39,119,1237.43,withdrawal,2024-06-23,05:50:00,Delhi,0
200778,44,68,1294.56,refund,2024-05-12,05:44:00,Mumbai,0
201071,220,9,3455.71,debit,2024-10-04,16:34:00,Pune,0
200743,36,176,453.36,debit,2024-01-09,01:27:00,Hyderabad,0
201213,132,177,356.88,debit,2024-02-26,03:17:00,Chennai,0
200763,206,27,395.89,debit,2024-09-14,05:37:00,Bengaluru,0
200976,69,35,502.47,debit,2024-05-04,05:49:00,Pune,0
200351,227,7,4131.82,debit,2024-03-24,05:27:00,Mumbai,0
200341,73,143,744.76,debit,2024-09-24,05:31:00,Delhi,0
200893,26,155,3937.44,debit,2024-07-08,12:12:00,Bengaluru,0
200373,275,59,5223.34,debit,2024-02-03,21:37:00,Bengaluru,0
200165,252,173,4847.27,debit,2024-08-27,12:53:00,Chennai,0
200260,261,9,2546.1,withdrawal,2024-03-06,23:54:00,Pune,0
200894,101,190,3290.47,debit,2024-07-13,16:48:00,Kolkata,0
200208,151,109,705.16,credit,2024-06-24,10:51:00,Hyderabad,0
200532,226,44,4429.13,refund,2024-01-04,21:24:00,Kolkata,0
201419,73,14,4905.5,withdrawal,2024-06-10,17:18:00,Pune,0
201396,205,52,393.13,debit,2024-03-19,16:01:00,Chennai,0
201398,215,38,2368.8,withdrawal,2024-09-06,00:26:00,Kolkata,0
200410,95,113,3601.33,debit,2024-02-18,12:28:00,Chennai,0
200329,43,194,687.67,debit,2024-09-09,16:16:00,Ahmedabad,0
200021,162,110,2323.97,debit,2024-04-22,23:19:00,Delhi,0
200745,251,173,3972.75,debit,2024-10-18,05:00:00,Chennai,0
200433,272,173,5946.0,debit,2024-07-27,23:53:00,Chennai,0
200384,150,168,2276.26,credit,2024-10-06,15:43:00,Pune,0
200413,14,98,960.26,withdrawal,2024-10-19,16:02:00,Ahmedabad,0
200408,200,61,823.59,withdrawal,2024-09-26,21:03:00,Mumbai,0
201178,42,102,1704.66,withdrawal,2024-08-15,07:11:00,Hyderabad,0
200641,11,133,1976.45,debit,2024-10-16,10:57:00,Delhi,0
201360,150,81,5172.84,debit,2024-09-02,01:03:00,Bengaluru,0
200027,218,170,1480.65,withdrawal,2024-01-21,02:28:00,Bengaluru,0
200737,207,150,4377.89,withdrawal,2024-11-23,11:30:00,Pune,0
200881,179,178,292.91,debit,2024-07-07,21:03:00,Ahmedabad,0
200666,87,52,5.0,withdrawal,2024-06-14,23:15:00,Chennai,0
201122,213,187,3952.02,withdrawal,2024-09-10,05:36:00,Kolkata,0
200998,240,113,3188.65,credit,2024-11-17,00:26:00,Chennai,0
200526,235,192,2498.98,debit,2024-01-03,09:00:00,Pune,0
200468,214,170,448.69,withdrawal,2024-04-23,08:52:00,Bengaluru,0
201026,112,175,2092.67,withdrawal,2024-10-25,06:31:00,Hyderabad,0
200446,88,2,1514.27,refund,2024-08-19,17:38:00,Bengaluru,0
200929,150,25,832.82,debit,2024-01-14,07:24:00,Ahmedabad,0
201219,122,117,4532.4,debit,2024-07-28,01:22:00,Mumbai,0
200129,194,151,2290.84,refund,2024-03-18,14:29:00,Pune,0
200842,19,116,1397.77,debit,2024-08-18,07:55:00,Hyderabad,0
200512,53,62,2906.14,debit,2024-08-20,21:10:00,Hyderabad,0
201131,149,100,4826.75,withdrawal,2024-02-17,10:38:00,Delhi,0
200801,169,151,1162.49,debit,2024-03-11,04:41:00,Pune,0
200903,143,117,3133.04,debit,2024-02-18,06:38:00,Mumbai,0
201345,196,59,7229.37,debit,2024-08-03,01:22:00,Bengaluru,0
200675,173,72,1974.35,withdrawal,2024-06-17,20:45:00,Mumbai,0
201261,234,134,1746.98,debit,2024-05-17,10:24:00,Kolkata,0
200877,267,16,223.57,debit,2024-01-08,06:22:00,Hyderabad,0
201228,242,183,1078.26,debit,2024-03-15,08:32:00,Kolkata,0
200818,180,104,976.85,credit,2024-03-26,03:16:00,Delhi,0
201483,15,185,4291.29,debit,2024-01-19,03:27:00,Bengaluru,0
201452,156,116,1184.28,debit,2024-07-20,15:33:00,Hyderabad,0
201448,87,34,5118.47,debit,2024-02-06,15:56:00,Pune,0
200152,126,198,3001.91,debit,2024-06-24,02:26:00,Kolkata,0
200947,172,41,5265.82,debit,2024-07-17,02:26:00,Hyderabad,0
200799,37,153,739.25,withdrawal,2024-02-12,06:17:00,Ahmedabad,0
201227,257,161,2316.17,withdrawal,2024-05-12,04:41:00,Hyderabad,0
201338,58,178,249.32,withdrawal,2024-08-16,04:24:00,Ahmedabad,0
200907,213,30,1887.67,refund,2024-10-23,06:37:00,Hyderabad,0
201382,158,124,4297.85,withdrawal,2024-08-06,13:01:00,Ahmedabad,0
200493,127,138,646.27,debit,2024-02-18,16:22:00,Mumbai,0
200397,265,11,1840.61,withdrawal,2024-01-10,10:05:00,Ahmedabad,0
200370,198,200,2266.65,credit,2024-02-02,15:50:00,Hyderabad,0
201047,182,109,1336.19,debit,2024-08-07,01:45:00,Hyderabad,0
201298,29,38,3076.43,debit,2024-01-06,19:12:00,Kolkata,0
201229,157,187,1234.6,debit,2024-04-18,07:30:00,Kolkata,0
201263,276,15,2319.96,debit,2024-06-11,23:26:00,Hyderabad,0
200964,121,147,482.63,credit,2024-03-11,22:56:00,Bengaluru,0
200681,106,95,1147.11,withdrawal,2024-08-09,11:33:00,Mumbai,0
201466,147,122,6143.55,credit,2024-05-24,04:22:00,Delhi,0
201024,37,75,2287.3,debit,2024-01-19,00:37:00,Delhi,0
201000,152,179,203.11,withdrawal,2024-04-14,00:29:00,Kolkata,0
200700,269,15,1078.08,debit,2024-10-21,10:42:00,Hyderabad,0
200371,258,192,3084.44,refund,2024-04-03,05:09:00,Pune,0
201179,253,40,1660.18,credit,2024-05-17,10:52:00,Pune,0
200327,242,30,3099.12,debit,2024-10-05,13:52:00,Hyderabad,0
200936,32,196,4938.17,debit,2024-08-09,11:25:00,Chennai,0
200864,182,142,4826.21,withdrawal,2024-03-11,07:41:00,Mumbai,0
200171,11,114,5548.5,withdrawal,2024-05-04,20:31:00,Bengaluru,0
201246,161,20,1090.23,credit,2024-11-21,04:33:00,Mumbai,0
201038,206,77,3725.46,debit,2024-03-07,11:07:00,Mumbai,0
200511,38,45,440.25,withdrawal,2024-05-14,22:07:00,Kolkata,0
200265,16,154,1434.22,debit,2024-07-14,12:42:00,Bengaluru,0
201029,230,131,2879.34,debit,2024-10-22,06:18:00,Pune,0
201413,42,177,649.48,credit,2024-10-03,16:34:00,Chennai,0
200810,213,161,2277.77,debit,2024-02-02,18:20:00,Hyderabad,0
200956,118,7,1965.95,withdrawal,2024-02-24,19:30:00,Mumbai,0
201411,35,165,5178.84,credit,2024-03-14,05:44:00,Kolkata,0
200875,269,121,5115.78,debit,2024-04-26,23:26:00,Chennai,0
200721,232,10,1423.46,debit,2024-09-02,14:30:00,Ahmedabad,0
200736,225,30,1545.65,debit,2024-08-04,09:29:00,Hyderabad,0
201262,122,81,2678.26,debit,2024-11-18,02:23:00,Bengaluru,0
201500,212,85,2213.63,debit,2024-06-22,00:20:00,Mumbai,0
200519,201,58,1193.95,debit,2024-02-09,09:25:00,Kolkata,0
200214,267,168,2186.62,withdrawal,2024-05-06,04:35:00,Pune,0
201431,252,100,6631.01,debit,2024-01-26,04:12:00,Delhi,0
200501,259,65,3328.67,debit,2024-05-15,08:45:00,Hyderabad,0
200692,82,13,3770.5,debit,2024-05-02,02:03:00,Ahmedabad,0
200653,105,20,4434.92,withdrawal,2024-03-01,20:35:00,Mumbai,0
200673,240,166,818.39,debit,2024-06-23,22:53:00,Kolkata,0
200200,225,114,3408.19,debit,2024-02-28,13:43:00,Bengaluru,0
201436,27,1,7686.67,debit,2024-11-17,05:10:00,Ahmedabad,0
201344,149,198,4046.22,debit,2024-10-22,08:31:00,Kolkata,0
200916,20,68,564.29,debit,2024-05-23,19:59:00,Mumbai,0
200347,80,14,4475.1,debit,2024-10-26,10:45:00,Pune,0
201417,34,111,144.18,withdrawal,2024-01-14,12:14:00,Delhi,0
200217,128,158,738.04,refund,2024-09-16,01:51:00,Bengaluru,0
201315,290,144,4389.34,debit,2024-06-10,01:29:00,Hyderabad,0
200254,97,156,4156.25,credit,2024-10-09,22:30:00,Delhi,0
200153,142,104,947.36,debit,2024-10-27,07:17:00,Delhi,0
200195,22,108,3653.28,debit,2024-10-14,11:33:00,Ahmedabad,0
200508,255,88,497.81,debit,2024-08-06,06:33:00,Kolkata,0
200859,82,75,1342.63,debit,2024-04-11,13:51:00,Delhi,0
200069,106,27,512.01,debit,2024-11-20,08:40:00,Bengaluru,0
200131,204,15,6943.64,debit,2024-10-07,09:30:00,Hyderabad,0
201434,272,102,1700.59,credit,2024-08-24,03:31:00,Hyderabad,0
201204,259,126,7718.54,withdrawal,2024-09-09,06:49:00,Kolkata,0
200301,57,76,1728.22,debit,2024-11-06,04:52:00,Chennai,0
201084,45,73,787.67,debit,2024-01-11,23:07:00,Hyderabad,0
201247,71,126,3738.84,debit,2024-04-16,17:10:00,Kolkata,0
201433,277,160,3436.95,debit,2024-04-12,10:05:00,Ahmedabad,0
200469,73,43,3738.62,debit,2024-07-06,13:08:00,Mumbai,0
200241,214,50,1692.16,debit,2024-07-15,06:57:00,Kolkata,0
201271,134,120,715.39,debit,2024-04-16,02:26:00,Delhi,0
200188,202,22,6578.6,debit,2024-06-19,06:30:00,Mumbai,0
200706,50,42,3278.85,debit,2024-04-26,21:50:00,Kolkata,1
200499,102,16,820.31,credit,2024-02-01,01:45:00,Hyderabad,0
201042,141,167,5.0,withdrawal,2024-03-16,15:21:00,Mumbai,0
201447,95,52,281.28,withdrawal,2024-11-25,09:32:00,Chennai,0
200962,296,188,1798.69,debit,2024-11-24,18:09:00,Bengaluru,0
201368,141,86,3749.9,credit,2024-05-02,16:12:00,Pune,0
200284,194,95,873.27,debit,2024-05-03,01:12:00,Mumbai,0
200803,80,192,4047.08,debit,2024-03-02,13:27:00,Pune,0
200604,187,76,648.77,debit,2024-10-11,02:18:00,Chennai,0
201273,201,9,991.44,debit,2024-08-27,07:30:00,Pune,0
200994,141,61,877.12,debit,2024-07-27,10:24:00,Mumbai,0
200448,23,31,3538.25,debit,2024-06-17,18:14:00,Bengaluru,0
200110,82,120,468.93,debit,2024-03-16,17:36:00,Delhi,0
201302,288,70,2728.6,withdrawal,2024-04-03,18:28:00,Chennai,0
200123,279,184,414.79,debit,2024-04-03,05:10:00,Hyderabad,0
200867,157,144,3636.07,debit,2024-02-01,06:28:00,Hyderabad,0
200281,59,26,1782.68,debit,2024-09-05,20:47:00,Ahmedabad,0
201468,57,196,4575.91,debit,2024-07-17,19:16:00,Chennai,0
200831,46,152,1013.97,debit,2024-04-11,21:25:00,Ahmedabad,0
201142,39,95,1972.84,debit,2024-01-02,16:18:00,Mumbai,0
200475,240,185,3926.18,debit,2024-04-15,14:36:00,Bengaluru,0
200364,52,196,2200.18,debit,2024-02-11,00:53:00,Chennai,0
201172,146,170,2691.14,debit,2024-09-09,22:35:00,Bengaluru,0
201193,152,46,3924.83,debit,2024-06-28,04:05:00,Pune,0
201078,261,41,3691.86,credit,2024-02-04,23:47:00,Hyderabad,0
201117,34,7,1011.66,debit,2024-05-23,03:47:00,Mumbai,0
201039,37,181,6588.94,debit,2024-09-06,13:16:00,Pune,0
201126,251,88,1953.28,debit,2024-01-20,01:50:00,Kolkata,0
200068,253,59,3970.28,withdrawal,2024-01-26,01:02:00,Bengaluru,0
200833,249,29,4583.67,debit,2024-03-09,20:32:00,Chennai,0
200621,23,195,1115.34,credit,2024-08-13,22:12:00,Hyderabad,0
201158,54,184,1265.71,debit,2024-02-17,11:45:00,Hyderabad,0
200858,49,126,7631.89,debit,2024-06-21,03:30:00,Kolkata,0
200800,161,150,3665.49,withdrawal,2024-03-11,13:55:00,Pune,0
201438,289,47,4101.68,debit,2024-10-27,11:05:00,Ahmedabad,0
200789,68,139,2185.99,debit,2024-05-04,20:45:00,Mumbai,0
200620,193,191,530.97,debit,2024-07-16,07:11:00,Ahmedabad,0
200733,205,105,7546.13,withdrawal,2024-10-11,05:21:00,Mumbai,0
200319,267,108,5015.24,debit,2024-01-04,18:36:00,Ahmedabad,0
200921,192,54,2501.43,withdrawal,2024-09-13,06:24:00,Delhi,0
200971,99,65,8808.42,refund,2024-02-06,00:25:00,Hyderabad,0
200565,101,197,933.4,debit,2024-11-21,22:32:00,Chennai,0
201062,84,18,3290.61,withdrawal,2024-11-27,08:17:00,Bengaluru,0
200133,148,2,177.08,debit,2024-08-19,11:34:00,Bengaluru,0
200759,262,25,1514.28,debit,2024-01-20,05:12:00,Ahmedabad,0
201074,220,132,3876.51,withdrawal,2024-08-28,21:44:00,Bengaluru,0
200714,191,183,1242.62,debit,2024-11-12,03:02:00,Kolkata,0
200514,24,37,169.03,withdrawal,2024-04-21,08:39:00,Chennai,0
201281,138,90,253.81,refund,2024-09-12,09:18:00,Kolkata,0
200688,283,132,7085.35,withdrawal,2024-02-24,23:58:00,Bengaluru,0
200735,243,73,1361.9,credit,2024-10-18,05:20:00,Hyderabad,0
200126,283,39,716.36,debit,2024-06-18,07:24:00,Hyderabad,0
201132,279,142,1767.8,credit,2024-02-25,17:35:00,Mumbai,0
201090,104,45,762.22,credit,2024-08-05,01:27:00,Kolkata,0
200719,34,177,1000.66,withdrawal,2024-11-10,01:38:00,Chennai,0
200783,10,130,1258.06,debit,2024-02-28,09:37:00,Mumbai,0
200698,255,187,1696.9,debit,2024-11-02,14:33:00,Kolkata,0
200290,133,28,52.55,refund,2024-10-24,12:15:00,Mumbai,0
201163,209,68,935.94,debit,2024-05-13,01:06:00,Mumbai,0
200944,78,59,4886.78,withdrawal,2024-11-11,06:21:00,Bengaluru,0
201110,230,73,1827.21,withdrawal,2024-08-11,19:15:00,Hyderabad,0
200054,270,99,1924.6,debit,2024-01-01,03:59:00,Mumbai,0
201198,196,107,3560.12,debit,2024-09-16,13:34:00,Bengaluru,0
200594,189,82,602.42,debit,2024-02-26,15:06:00,Mumbai,0
200798,118,166,826.35,credit,2024-08-04,23:50:00,Kolkata,0
200872,99,136,7703.24,withdrawal,2024-02-02,18:55:00,Ahmedabad,0
200041,74,151,2547.67,refund,2024-03-07,19:05:00,Pune,0
200340,298,59,5624.43,debit,2024-02-27,19:31:00,Bengaluru,0
200702,270,181,8565.33,debit,2024-07-06,22:41:00,Pune,0
200870,125,174,3129.93,debit,2024-11-12,11:06:00,Hyderabad,0
201328,283,26,2186.27,debit,2024-10-18,12:59:00,Ahmedabad,0
200507,253,39,1013.91,debit,2024-06-14,20:21:00,Hyderabad,0
200084,245,50,1653.07,debit,2024-03-14,10:42:00,Kolkata,0
200116,145,92,4575.92,debit,2024-10-03,11:12:00,Hyderabad,0
201401,226,122,4174.83,debit,2024-03-13,22:30:00,Delhi,0
200986,28,71,1911.75,debit,2024-11-15,03:01:00,Ahmedabad,0
200732,16,82,1705.49,debit,2024-08-09,18:23:00,Mumbai,0
201034,217,107,4592.91,debit,2024-05-25,23:43:00,Bengaluru,0
200665,120,5,57.17,debit,2024-03-11,14:10:00,Ahmedabad,0
200271,251,192,2797.78,withdrawal,2024-08-07,18:03:00,Pune,0
201495,68,194,680.71,debit,2024-02-26,10:44:00,Ahmedabad,0
201250,109,109,1960.73,debit,2024-01-22,03:36:00,Hyderabad,0
200572,30,126,6445.06,credit,2024-11-06,14:20:00,Kolkata,0
200871,247,140,2319.24,debit,2024-11-06,22:19:00,Mumbai,0
200378,254,92,4818.04,credit,2024-02-26,07:09:00,Hyderabad,0
201107,30,79,1545.01,debit,2024-04-05,05:41:00,Bengaluru,0
200097,195,103,2432.8,debit,2024-09-24,21:27:00,Ahmedabad,0
201225,174,73,986.33,credit,2024-10-02,06:02:00,Hyderabad,0
200453,45,150,3342.31,debit,2024-01-26,11:34:00,Pune,0
201366,66,10,3998.72,debit,2024-11-18,04:54:00,Ahmedabad,0
200557,144,67,471.31,debit,2024-09-18,22:24:00,Delhi,0
200049,228,182,2649.95,credit,2024-09-03,03:22:00,Kolkata,0
200772,93,51,1416.41,debit,2024-05-21,03:24:00,Pune,0
201116,137,179,577.44,debit,2024-02-13,20:49:00,Kolkata,0
201054,294,131,2400.79,debit,2024-02-11,04:06:00,Pune,0
200154,274,101,4088.72,debit,2024-07-15,10:44:00,Hyderabad,0
200238,20,14,6786.0,credit,2024-08-12,22:27:00,Pune,0
200055,84,90,1925.51,debit,2024-01-27,19:40:00,Kolkata,0
200395,110,164,1815.54,debit,2024-08-14,13:38:00,Pune,0
200124,101,105,6751.41,debit,2024-05-13,17:23:00,Mumbai,0
200356,286,166,769.8,debit,2024-04-19,09:02:00,Kolkata,0
200135,18,29,6049.8,debit,2024-05-24,12:01:00,Chennai,0
200269,45,64,4751.43,debit,2024-05-25,04:52:00,Mumbai,0
200386,9,194,767.83,debit,2024-08-27,21:37:00,Ahmedabad,0
200098,254,118,3389.29,withdrawal,2024-10-22,11:28:00,Mumbai,0
200221,65,148,1809.47,debit,2024-03-19,19:02:00,Ahmedabad,0
200042,207,186,5007.51,debit,2024-08-25,08:11:00,Mumbai,0
201299,244,129,963.2,debit,2024-09-02,03:06:00,Bengaluru,0
200518,299,68,926.16,credit,2024-09-23,08:58:00,Mumbai,0
200861,168,129,1801.76,debit,2024-03-23,05:18:00,Bengaluru,0
200502,84,91,2288.66,debit,2024-06-01,10:24:00,Bengaluru,0
201059,195,181,4474.83,withdrawal,2024-11-19,13:12:00,Pune,0
201498,4,181,5711.71,withdrawal,2024-01-07,10:21:00,Pune,0
201493,297,77,1369.96,debit,2024-08-08,23:19:00,Mumbai,0
200013,242,109,1371.96,debit,2024-02-01,01:02:00,Hyderabad,0
200455,64,176,576.18,debit,2024-11-23,19:29:00,Hyderabad,0
200569,223,110,1981.28,debit,2024-04-14,11:33:00,Delhi,0
200977,259,167,1493.77,debit,2024-06-27,04:58:00,Mumbai,0
200756,233,68,925.56,credit,2024-04-27,11:15:00,Mumbai,0
200882,25,112,3049.96,withdrawal,2024-10-08,17:32:00,Ahmedabad,0
200965,245,134,2254.99,refund,2024-04-01,20:10:00,Kolkata,0
200638,20,129,998.27,debit,2024-06-01,00:14:00,Bengaluru,0
200913,28,29,4671.6,withdrawal,2024-10-20,07:27:00,Chennai,0
201323,265,138,723.32,withdrawal,2024-06-22,04:11:00,Mumbai,0
200652,248,2,2813.47,debit,2024-03-20,12:53:00,Bengaluru,0
201453,226,158,2169.06,debit,2024-05-16,05:54:00,Bengaluru,0
200611,20,186,1271.67,credit,2024-06-20,01:06:00,Mumbai,0
201327,296,91,1694.88,debit,2024-11-07,04:49:00,Bengaluru,0
200834,298,195,2584.37,debit,2024-03-22,16:55:00,Hyderabad,0
200547,12,142,3166.71,debit,2024-11-06,22:14:00,Mumbai,0
200485,288,77,85.65,debit,2024-02-25,22:06:00,Mumbai,0
201237,286,168,1904.83,debit,2024-11-08,02:57:00,Pune,0
200337,176,116,799.61,refund,2024-05-07,22:13:00,Hyderabad,0
200233,23,91,2436.99,debit,2024-04-12,04:08:00,Bengaluru,0
201267,56,55,5286.2,withdrawal,2024-01-24,04:34:00,Pune,0
201499,27,3,28.42,debit,2024-08-05,22:41:00,Ahmedabad,0
200685,78,119,4386.72,debit,2024-09-01,08:57:00,Delhi,0
200738,84,78,6197.47,debit,2024-09-28,21:42:00,Ahmedabad,0
200631,117,85,2054.07,credit,2024-11-26,01:56:00,Mumbai,0
200298,253,111,2601.33,credit,2024-05-09,15:54:00,Delhi,0
201174,30,51,2697.68,withdrawal,2024-01-12,13:01:00,Pune,0
201331,125,156,2458.2,withdrawal,2024-04-15,18:17:00,Delhi,0
200684,205,106,835.08,debit,2024-01-12,12:04:00,Hyderabad,0
200206,231,7,2075.55,withdrawal,2024-02-23,04:27:00,Mumbai,0
200004,36,88,1055.3,debit,2024-09-11,15:32:00,Kolkata,0
201180,83,60,3161.94,debit,2024-05-14,19:35:00,Delhi,0
200703,71,172,827.25,credit,2024-09-01,11:26:00,Hyderabad,0
201231,255,137,4753.77,credit,2024-11-01,23:34:00,Kolkata,0
201339,41,197,665.03,debit,2024-11-12,12:02:00,Chennai,0
201201,42,107,9834.86,debit,2024-11-15,00:25:00,Bengaluru,0
201300,261,85,1737.42,debit,2024-02-24,03:18:00,Mumbai,0
201095,23,49,1334.84,credit,2024-10-27,05:46:00,Pune,0
201295,267,76,2730.75,debit,2024-03-01,19:08:00,Chennai,0
200740,284,166,1010.28,debit,2024-02-14,00:13:00,Kolkata,0
200888,233,142,2096.9,credit,2024-11-03,09:02:00,Mumbai,0
201157,116,100,3414.02,refund,2024-08-28,23:13:00,Delhi,0
201490,86,4,3904.69,debit,2024-01-15,16:44:00,Chennai,1
200961,137,71,634.25,debit,2024-07-19,21:01:00,Ahmedabad,0
200566,57,141,995.73,debit,2024-08-22,16:37:00,Mumbai,0
200883,91,194,329.69,debit,2024-06-14,00:00:00,Ahmedabad,0
200758,169,60,2096.75,withdrawal,2024-11-27,01:28:00,Delhi,0
201404,147,101,3253.57,debit,2024-08-02,03:09:00,Hyderabad,0
200661,42,153,350.81,credit,2024-10-06,06:37:00,Ahmedabad,0
200158,81,89,3185.76,debit,2024-09-06,20:15:00,Kolkata,0
201048,58,157,2536.71,debit,2024-06-04,15:09:00,Pune,0
201290,250,92,5332.66,debit,2024-03-18,16:06:00,Hyderabad,0
200463,205,54,6502.64,debit,2024-02-02,23:11:00,Delhi,0
200141,159,81,2601.75,debit,2024-11-28,04:59:00,Bengaluru,0
200161,37,32,4323.96,debit,2024-04-23,07:00:00,Pune,0
200306,235,90,3675.81,credit,2024-02-15,20:30:00,Kolkata,0
201125,69,50,1176.81,debit,2024-06-27,02:01:00,Kolkata,0
200674,284,135,2807.26,refund,2024-10-18,00:02:00,Ahmedabad,0
201465,60,6,2640.31,debit,2024-02-01,17:02:00,Bengaluru,0
200396,269,14,4572.68,debit,2024-09-07,02:22:00,Pune,0
200573,84,105,4184.06,debit,2024-07-03,06:34:00,Mumbai,0
200400,244,73,2118.26,debit,2024-05-11,04:23:00,Hyderabad,0
201003,145,170,2429.36,debit,2024-11-15,20:27:00,Bengaluru,0
201313,131,118,2552.27,debit,2024-05-28,01:19:00,Mumbai,0
200651,92,151,2251.95,debit,2024-03-16,17:48:00,Pune,0
201189,271,182,2939.15,debit,2024-08-19,03:20:00,Kolkata,0
201027,213,137,2231.23,debit,2024-04-11,15:49:00,Kolkata,0
200225,248,170,2241.16,debit,2024-05-13,08:04:00,Bengaluru,0
200288,166,8,1691.81,debit,2024-03-13,12:56:00,Bengaluru,0
201251,46,115,2600.64,withdrawal,2024-02-04,11:15:00,Mumbai,0
201464,31,11,2767.25,debit,2024-08-19,05:08:00,Ahmedabad,0
200817,148,150,1792.98,debit,2024-03-25,19:53:00,Pune,0
200972,31,183,437.65,debit,2024-02-11,10:04:00,Kolkata,0
200541,172,147,423.16,debit,2024-06-04,06:17:00,Bengaluru,0
200458,121,151,886.38,debit,2024-04-25,08:12:00,Pune,0
201018,84,88,1552.43,debit,2024-06-22,08:34:00,Kolkata,0
200479,93,62,5238.06,debit,2024-03-04,15:38:00,Hyderabad,0
201175,269,77,3024.79,debit,2024-06-02,18:03:00,Mumbai,0
201384,2,137,6500.18,debit,2024-03-14,18:09:00,Kolkata,0
200610,118,70,737.56,debit,2024-07-25,22:23:00,Chennai,0
201222,220,128,2549.23,debit,2024-04-10,01:54:00,Ahmedabad,0
200348,49,126,3385.12,debit,2024-05-11,17:53:00,Kolkata,0
200447,243,36,2735.51,debit,2024-08-04,15:14:00,Ahmedabad,0
201337,38,129,761.18,debit,2024-11-10,09:54:00,Bengaluru,0
200380,284,184,725.49,withdrawal,2024-04-22,10:45:00,Hyderabad,0
201294,132,11,2001.21,debit,2024-08-08,19:31:00,Ahmedabad,0
200612,3,41,4726.29,withdrawal,2024-05-05,01:54:00,Hyderabad,0
200582,36,79,993.05,debit,2024-06-25,09:41:00,Bengaluru,0
200232,161,162,4067.28,debit,2024-06-26,15:32:00,Ahmedabad,0
200383,141,85,2562.15,debit,2024-06-26,13:05:00,Mumbai,0
200670,239,132,3479.58,debit,2024-10-16,15:17:00,Bengaluru,0
200073,84,107,3325.7,debit,2024-09-05,14:07:00,Bengaluru,0
200071,57,55,6807.64,debit,2024-01-10,03:19:00,Pune,0
200672,116,176,352.76,debit,2024-07-03,12:06:00,Hyderabad,0
200172,102,1,4800.23,withdrawal,2024-09-11,00:22:00,Ahmedabad,0
200169,58,161,2654.12,debit,2024-09-03,01:00:00,Hyderabad,0
200494,208,151,2859.3,debit,2024-04-28,03:05:00,Pune,0
201129,289,126,5138.48,debit,2024-03-15,12:11:00,Kolkata,0
200739,204,2,3587.85,debit,2024-04-10,09:45:00,Bengaluru,0
200273,138,105,6714.09,debit,2024-05-22,00:51:00,Mumbai,0
200919,14,33,104.1,debit,2024-07-13,21:27:00,Delhi,0
200421,191,102,2468.15,withdrawal,2024-03-09,09:57:00,Hyderabad,0
200095,12,50,2224.69,debit,2024-07-01,00:03:00,Kolkata,0
201017,86,33,147.2,debit,2024-11-26,12:48:00,Delhi,0
201190,220,192,2946.23,credit,2024-03-26,12:30:00,Pune,0
200043,34,62,5475.18,debit,2024-11-26,06:37:00,Hyderabad,0
200057,100,66,1024.41,debit,2024-05-04,14:31:00,Kolkata,0
201194,189,179,126.82,debit,2024-08-16,12:43:00,Kolkata,0
200678,203,71,1281.16,debit,2024-06-19,18:43:00,Ahmedabad,0
200039,163,82,2608.29,withdrawal,2024-03-12,13:02:00,Mumbai,0
200307,77,99,154.4,debit,2024-09-05,00:43:00,Mumbai,0
200701,2,167,2854.5,debit,2024-01-26,17:33:00,Mumbai,0
201063,147,43,4246.91,debit,2024-10-09,16:02:00,Mumbai,0
200409,101,45,926.31,withdrawal,2024-06-23,00:03:00,Kolkata,0
200167,117,164,3781.15,debit,2024-05-07,03:44:00,Pune,0
200535,17,152,1477.66,debit,2024-04-14,14:03:00,Ahmedabad,0
200862,193,62,2039.5,refund,2024-11-14,14:27:00,Hyderabad,0
201422,85,10,2683.06,withdrawal,2024-03-22,09:12:00,Ahmedabad,0
201461,289,87,5326.81,credit,2024-11-22,06:48:00,Bengaluru,0
201412,53,106,742.82,debit,2024-08-21,02:34:00,Hyderabad,0
201280,171,117,1663.68,debit,2024-08-05,15:00:00,Mumbai,0
200622,37,35,253.79,refund,2024-04-16,03:55:00,Pune,0
200317,58,121,2738.73,debit,2024-11-07,10:55:00,Chennai,0
200908,261,68,1265.15,debit,2024-11-16,09:11:00,Mumbai,0
201363,40,83,3790.29,debit,2024-05-21,16:44:00,Hyderabad,0
200517,19,64,1844.59,debit,2024-06-03,04:35:00,Mumbai,0
200659,224,194,611.05,credit,2024-01-26,10:57:00,Ahmedabad,0
200534,148,108,3410.13,debit,2024-08-03,12:07:00,Ahmedabad,0
200650,115,98,2143.34,debit,2024-02-14,06:20:00,Ahmedabad,0
200599,108,87,5220.33,debit,2024-01-08,23:01:00,Bengaluru,0
200792,251,129,1478.13,debit,2024-05-16,10:46:00,Bengaluru,0
200549,223,116,1235.92,credit,2024-03-27,06:19:00,Hyderabad,0
200454,219,44,2108.68,debit,2024-02-21,15:36:00,Kolkata,0
201460,57,163,4757.98,refund,2024-07-04,02:52:00,Kolkata,0
201380,288,10,2172.26,withdrawal,2024-06-10,11:32:00,Ahmedabad,0
200571,35,73,518.41,debit,2024-01-15,15:21:00,Hyderabad,0
201266,121,91,2874.99,refund,2024-01-21,18:38:00,Bengaluru,0
200062,190,63,4834.36,refund,2024-06-11,12:15:00,Hyderabad,0
201308,273,57,4561.93,refund,2024-06-11,08:08:00,Pune,0
200537,116,66,2246.8,credit,2024-02-17,07:30:00,Kolkata,0
201482,40,188,2162.36,debit,2024-08-02,03:23:00,Bengaluru,0
201016,72,90,2420.06,refund,2024-08-23,11:48:00,Kolkata,0
200245,37,46,5665.44,debit,2024-01-21,10:59:00,Pune,0
200026,38,91,962.86,withdrawal,2024-03-25,14:06:00,Bengaluru,0
200223,97,168,2138.86,debit,2024-01-11,18:30:00,Pune,0
200914,10,182,6328.14,withdrawal,2024-10-26,06:08:00,Kolkata,0
200106,234,37,5.0,debit,2024-09-07,13:11:00,Chennai,0
201166,209,37,5.0,debit,2024-10-04,10:00:00,Chennai,0
200510,265,196,3323.28,credit,2024-11-07,06:18:00,Chennai,0
200132,3,65,6361.01,withdrawal,2024-08-22,04:45:00,Hyderabad,0
200445,189,86,3599.81,debit,2024-08-21,04:28:00,Pune,0
200643,227,79,1108.93,debit,2024-09-03,15:28:00,Bengaluru,0
200509,72,45,735.13,credit,2024-04-14,16:44:00,Kolkata,0
201496,62,172,1656.77,debit,2024-07-15,11:23:00,Hyderabad,0
200076,117,67,1297.82,debit,2024-07-07,17:45:00,Delhi,0
200037,96,15,3405.46,refund,2024-03-21,00:28:00,Hyderabad,0
201319,33,16,491.24,debit,2024-02-21,19:32:00,Hyderabad,0
200058,11,176,708.62,withdrawal,2024-02-04,03:25:00,Hyderabad,0
200197,135,86,4553.91,debit,2024-02-08,08:41:00,Pune,0
201238,60,133,3694.22,debit,2024-08-05,03:32:00,Delhi,0
200708,284,31,6194.84,withdrawal,2024-10-11,05:36:00,Bengaluru,0
200838,59,166,402.0,debit,2024-10-05,11:31:00,Kolkata,0
201317,72,79,758.3,debit,2024-01-17,17:30:00,Bengaluru,0
200478,196,67,1528.36,debit,2024-04-23,20:30:00,Delhi,0
200087,61,76,1418.85,debit,2024-07-28,03:00:00,Chennai,0
200562,196,89,4668.27,debit,2024-05-23,13:06:00,Kolkata,0
200335,220,58,334.32,debit,2024-09-22,01:46:00,Kolkata,0
201088,96,32,2564.38,debit,2024-08-15,12:07:00,Pune,0
200952,255,175,4058.91,debit,2024-08-12,03:37:00,Hyderabad,0
200900,271,158,4624.43,debit,2024-02-04,03:25:00,Bengaluru,0
201160,251,45,684.32,debit,2024-01-13,08:18:00,Kolkata,0
201165,130,59,3536.03,debit,2024-08-28,05:14:00,Bengaluru,0
200539,280,77,3462.26,debit,2024-03-17,10:13:00,Mumbai,0
200761,213,151,2443.62,withdrawal,2024-05-03,16:49:00,Pune,0
200419,122,60,2790.58,debit,2024-03-10,23:33:00,Delhi,0
200946,193,52,302.0,debit,2024-02-03,14:01:00,Chennai,0
201400,127,188,2989.8,debit,2024-02-19,18:29:00,Bengaluru,0
200987,97,65,3457.77,debit,2024-10-26,13:45:00,Hyderabad,0
200574,145,87,2736.87,debit,2024-04-12,23:45:00,Bengaluru,0
200636,178,14,4112.68,credit,2024-09-15,10:30:00,Pune,0
201268,131,66,1464.74,debit,2024-05-12,13:41:00,Kolkata,0
200333,248,58,1817.96,withdrawal,2024-04-18,20:23:00,Kolkata,0
201479,32,120,699.58,debit,2024-02-17,10:59:00,Delhi,0
200575,35,94,3516.97,debit,2024-06-05,07:40:00,Pune,0
201283,254,133,3878.15,withdrawal,2024-05-25,23:55:00,Delhi,0
201096,273,124,5397.44,debit,2024-02-11,19:01:00,Ahmedabad,0
201091,87,119,1775.47,credit,2024-08-22,18:30:00,Delhi,0
201364,201,6,2211.47,credit,2024-03-17,16:05:00,Bengaluru,0
201209,10,38,3137.39,debit,2024-01-06,21:45:00,Kolkata,0
201440,115,7,2468.21,debit,2024-10-09,04:14:00,Mumbai,0
201173,198,51,1575.03,debit,2024-09-23,12:56:00,Pune,0
200009,252,21,1660.77,debit,2024-10-01,03:02:00,Mumbai,0
200922,252,124,6153.45,refund,2024-06-18,14:02:00,Ahmedabad,0
201286,205,55,1691.73,debit,2024-07-01,19:30:00,Pune,0
200899,62,6,2007.02,debit,2024-08-22,09:58:00,Bengaluru,0
201011,205,107,2910.13,debit,2024-02-06,21:13:00,Bengaluru,0
201274,185,87,6455.19,debit,2024-06-09,04:58:00,Bengaluru,0
200075,2,166,1113.21,debit,2024-09-10,14:39:00,Kolkata,0
200849,3,155,4465.77,debit,2024-07-23,17:29:00,Bengaluru,0
200523,44,140,1702.67,credit,2024-04-03,02:10:00,Mumbai,0
200336,171,153,465.41,debit,2024-07-19,10:02:00,Ahmedabad,0
200570,241,121,3998.4,debit,2024-01-20,21:30:00,Chennai,0
200591,146,145,2661.09,debit,2024-05-05,23:21:00,Kolkata,0
200089,178,90,5288.46,debit,2024-05-28,19:38:00,Kolkata,0
200729,67,16,739.55,debit,2024-01-24,12:14:00,Hyderabad,0
200218,231,74,102.06,debit,2024-10-27,20:43:00,Bengaluru,0
201372,140,38,4701.91,debit,2024-06-10,07:29:00,Kolkata,0
200174,294,66,662.85,debit,2024-02-05,23:01:00,Kolkata,0
201378,92,79,1463.04,refund,2024-09-15,23:05:00,Bengaluru,0
200222,13,35,243.91,debit,2024-08-11,18:29:00,Pune,0
200320,54,117,3967.31,withdrawal,2024-07-14,15:11:00,Mumbai,0
201304,268,137,3929.13,debit,2024-03-02,18:53:00,Kolkata,0
201346,195,123,4351.25,refund,2024-01-16,21:16:00,Bengaluru,0
200996,258,178,302.48,debit,2024-05-11,14:53:00,Ahmedabad,0
200267,62,83,2327.93,debit,2024-04-11,13:41:00,Hyderabad,0
200007,196,103,2260.9,debit,2024-01-16,11:55:00,Ahmedabad,0
200780,99,81,4518.09,debit,2024-09-24,13:55:00,Bengaluru,0
200139,215,39,1554.6,debit,2024-05-03,07:18:00,Hyderabad,0
200164,44,4,6179.33,debit,2024-07-25,05:43:00,Chennai,0
201232,111,142,2251.59,debit,2024-02-08,23:42:00,Mumbai,0
200595,295,1,3084.18,refund,2024-08-26,14:50:00,Ahmedabad,0
201414,88,40,2036.08,debit,2024-10-06,11:47:00,Pune,0
201322,296,128,6922.34,debit,2024-11-26,02:17:00,Ahmedabad,0
201087,269,48,963.16,debit,2024-01-08,21:15:00,Hyderabad,0
201424,207,66,1545.48,debit,2024-11-20,02:51:00,Kolkata,0
200524,184,188,2179.89,debit,2024-05-22,08:11:00,Bengaluru,0
200846,230,102,2180.59,withdrawal,2024-04-15,19:50:00,Hyderabad,0
201288,110,12,3138.45,debit,2024-01-11,02:41:00,Kolkata,0
200579,289,4,5160.68,debit,2024-08-23,00:43:00,Chennai,0
201443,29,196,2357.5,withdrawal,2024-02-17,04:16:00,Chennai,0
200020,265,50,1788.49,debit,2024-08-02,03:09:00,Kolkata,1
200782,45,141,1726.0,debit,2024-02-22,07:00:00,Mumbai,0
200634,145,60,2053.05,debit,2024-01-12,05:54:00,Delhi,0
200755,78,160,5309.89,debit,2024-01-08,13:08:00,Ahmedabad,0
200619,31,4,7440.57,debit,2024-04-15,17:07:00,Chennai,0
200769,275,143,514.37,debit,2024-11-10,11:21:00,Delhi,0
200656,237,164,1526.78,debit,2024-08-05,17:13:00,Pune,0
200811,143,84,4900.39,debit,2024-02-17,14:07:00,Delhi,0
201429,1,198,3000.98,refund,2024-11-05,05:30:00,Kolkata,0
200138,166,158,3643.76,debit,2024-06-26,16:48:00,Bengaluru,0
200558,8,185,3259.62,withdrawal,2024-02-09,13:09:00,Bengaluru,0
201226,46,171,405.58,debit,2024-10-17,07:39:00,Kolkata,0
200717,153,117,2297.59,debit,2024-11-25,08:29:00,Mumbai,0
201118,125,85,2870.32,debit,2024-10-21,22:43:00,Mumbai,0
201277,295,19,2468.23,withdrawal,2024-04-17,19:18:00,Pune,0
200369,170,114,369.67,debit,2024-04-24,17:32:00,Bengaluru,0
201409,106,96,5471.57,debit,2024-06-25,21:59:00,Hyderabad,0
201325,175,137,1366.99,debit,2024-10-15,03:38:00,Kolkata,0
200328,207,65,5159.44,withdrawal,2024-06-11,06:33:00,Hyderabad,0
200318,284,149,2081.57,debit,2024-07-13,16:26:00,Mumbai,0
201140,116,59,6208.21,debit,2024-10-12,14:17:00,Bengaluru,0
201105,87,5,212.77,withdrawal,2024-06-22,06:24:00,Ahmedabad,0
200529,151,138,882.53,credit,2024-04-26,05:18:00,Mumbai,0
200527,163,47,6459.5,debit,2024-06-12,17:46:00,Ahmedabad,0
200088,27,101,2448.5,debit,2024-02-16,12:36:00,Hyderabad,0
200480,193,180,57.69,credit,2024-04-01,12:36:00,Mumbai,0
200339,155,90,3481.79,debit,2024-03-14,20:07:00,Kolkata,0
200757,183,117,2378.5,debit,2024-10-13,13:21:00,Mumbai,0
200658,219,145,3146.89,debit,2024-04-14,06:32:00,Kolkata,0
200149,81,95,1666.63,withdrawal,2024-11-22,18:22:00,Mumbai,0
201212,158,110,2625.47,debit,2024-01-17,13:54:00,Delhi,0
201383,110,181,3126.22,debit,2024-06-28,09:39:00,Pune,0
200029,143,196,6489.63,debit,2024-01-06,22:28:00,Chennai,0
200247,292,53,2445.05,debit,2024-03-02,13:50:00,Ahmedabad,0
200366,90,108,6334.2,debit,2024-03-16,08:34:00,Ahmedabad,0
200752,182,101,4723.41,debit,2024-06-09,17:09:00,Hyderabad,0
201253,147,66,1357.81,withdrawal,2024-03-25,21:34:00,Kolkata,0
201127,33,85,1080.01,credit,2024-02-17,21:10:00,Mumbai,0
200199,161,117,1957.42,debit,2024-10-23,03:47:00,Mumbai,0
201463,4,81,3471.95,debit,2024-04-23,10:14:00,Bengaluru,0
201217,123,55,2487.68,debit,2024-03-17,20:59:00,Pune,1
200405,81,68,1001.54,credit,2024-11-13,04:59:00,Mumbai,0
200790,192,46,4250.57,withdrawal,2024-08-08,22:59:00,Pune,0
200484,97,40,2422.03,debit,2024-07-09,01:09:00,Pune,0
200159,179,184,1454.77,debit,2024-01-06,11:22:00,Hyderabad,0
200316,107,177,803.24,credit,2024-03-20,06:54:00,Chennai,0
200257,80,170,1903.13,withdrawal,2024-02-21,11:09:00,Bengaluru,0
200008,213,100,868.26,debit,2024-02-05,10:38:00,Delhi,0
201023,4,22,3655.07,debit,2024-06-27,22:58:00,Mumbai,0
200385,278,19,2209.21,debit,2024-05-27,22:59:00,Pune,0
200178,214,38,1121.47,withdrawal,2024-04-12,04:35:00,Kolkata,0
200747,4,28,1034.66,debit,2024-09-11,21:24:00,Mumbai,0
200315,164,126,6707.7,debit,2024-11-20,08:22:00,Kolkata,0
200358,153,102,3734.86,debit,2024-06-12,14:30:00,Hyderabad,0
200299,207,184,883.04,debit,2024-08-19,07:09:00,Hyderabad,0
200456,169,154,1590.76,credit,2024-02-13,05:18:00,Bengaluru,0
200544,141,98,1047.08,credit,2024-01-18,20:14:00,Ahmedabad,0
200663,215,107,3620.41,withdrawal,2024-07-17,01:31:00,Bengaluru,0
200597,156,96,4360.34,debit,2024-10-07,03:53:00,Hyderabad,0
201474,156,10,78.69,debit,2024-11-15,09:18:00,Ahmedabad,0
200896,299,117,3569.17,debit,2024-03-15,12:48:00,Mumbai,0
200528,270,21,998.0,debit,2024-05-12,11:10:00,Mumbai,0
201252,241,149,670.86,debit,2024-06-12,23:25:00,Mumbai,0
200160,230,175,3480.41,credit,2024-05-05,04:43:00,Hyderabad,0
201154,212,80,5.0,debit,2024-02-16,02:05:00,Delhi,0
200361,140,127,202.19,debit,2024-08-02,01:02:00,Chennai,0
201318,109,70,2655.68,debit,2024-03-03,12:01:00,Chennai,0
200203,260,58,957.34,debit,2024-09-06,06:36:00,Kolkata,0
201065,168,192,1387.83,debit,2024-11-22,18:17:00,Pune,0
200770,176,10,3714.52,debit,2024-06-08,01:25:00,Ahmedabad,0
200113,150,172,1206.44,refund,2024-02-06,16:31:00,Hyderabad,0
200884,299,200,2236.15,refund,2024-03-27,06:30:00,Hyderabad,0
200308,227,173,4024.13,debit,2024-11-08,19:23:00,Chennai,0
200839,195,131,962.66,debit,2024-01-21,03:05:00,Pune,0
200423,140,38,3583.56,debit,2024-06-13,15:17:00,Kolkata,0
201371,27,122,4616.17,debit,2024-09-04,08:57:00,Delhi,0
201426,183,23,2232.37,debit,2024-03-03,16:26:00,Pune,0
201169,227,159,1472.91,debit,2024-10-28,02:29:00,Hyderabad,0
200460,129,196,3133.45,debit,2024-01-03,11:13:00,Chennai,0
200973,129,54,4263.04,debit,2024-05-18,22:02:00,Delhi,0
201293,113,99,3422.95,debit,2024-01-11,11:07:00,Mumbai,0
200814,240,4,3614.56,debit,2024-04-13,20:02:00,Chennai,0
201347,231,105,6130.45,debit,2024-01-11,00:59:00,Mumbai,0
200450,258,198,3585.78,debit,2024-03-01,16:17:00,Kolkata,0
201171,6,155,4482.65,debit,2024-09-09,10:16:00,Bengaluru,0
200680,124,159,909.43,debit,2024-03-26,00:39:00,Hyderabad,0
200693,42,67,1087.86,debit,2024-06-23,22:40:00,Delhi,0
201181,89,134,2011.5,debit,2024-02-28,00:34:00,Kolkata,0
200081,73,104,902.32,debit,2024-05-02,00:10:00,Delhi,0
201307,263,149,2259.13,credit,2024-01-18,07:24:00,Mumbai,0
201367,156,117,4227.46,debit,2024-08-14,22:26:00,Mumbai,0
201358,128,172,973.51,debit,2024-11-26,21:35:00,Hyderabad,0
200216,141,165,3735.87,debit,2024-05-15,00:01:00,Kolkata,0
200949,119,80,2996.19,withdrawal,2024-07-13,01:41:00,Delhi,1
200031,265,128,4553.62,refund,2024-10-27,09:21:00,Ahmedabad,0
200243,184,61,1317.09,refund,2024-10-02,02:04:00,Mumbai,0
200978,75,110,2112.11,debit,2024-07-22,04:54:00,Delhi,0
200642,197,10,4835.19,debit,2024-06-19,03:38:00,Ahmedabad,0
200697,296,155,2737.96,debit,2024-03-06,05:57:00,Bengaluru,0
200210,116,12,4712.32,refund,2024-06-24,15:02:00,Kolkata,0
201410,34,155,3466.25,debit,2024-09-12,23:32:00,Bengaluru,0
200771,134,66,1525.38,debit,2024-02-05,02:04:00,Kolkata,0
200753,31,50,1918.82,debit,2024-02-19,03:10:00,Kolkata,0
201303,209,140,2593.35,withdrawal,2024-07-15,18:24:00,Mumbai,0
200436,256,187,2918.43,debit,2024-06-22,02:59:00,Kolkata,0
201310,226,45,480.9,debit,2024-01-28,21:19:00,Kolkata,0
201402,288,94,2978.81,debit,2024-10-10,14:43:00,Pune,0
201405,3,96,8024.09,debit,2024-11-16,19:51:00,Hyderabad,0
201365,198,105,2249.53,withdrawal,2024-01-14,04:54:00,Mumbai,0
200689,178,186,3288.36,withdrawal,2024-09-18,02:49:00,Mumbai,0
200552,251,66,1948.92,withdrawal,2024-08-22,06:39:00,Kolkata,0
200545,51,121,1687.86,debit,2024-03-21,11:09:00,Chennai,0
201043,159,163,6934.32,debit,2024-05-20,22:06:00,Kolkata,0
201050,148,90,3719.19,debit,2024-05-07,18:48:00,Kolkata,0
200857,253,160,2133.02,withdrawal,2024-04-12,18:51:00,Ahmedabad,0
201196,91,39,789.47,debit,2024-09-06,10:23:00,Hyderabad,0
200404,19,154,1256.27,credit,2024-06-22,03:35:00,Bengaluru,0
201478,69,157,2350.45,debit,2024-05-27,15:36:00,Pune,0
200363,253,5,167.73,debit,2024-06-24,21:46:00,Ahmedabad,0
200272,193,18,2258.01,debit,2024-06-02,14:11:00,Bengaluru,0
200467,93,137,3418.01,debit,2024-09-13,06:22:00,Kolkata,0
201335,48,143,696.71,debit,2024-06-02,22:39:00,Delhi,0
201480,269,193,3070.24,debit,2024-02-28,19:02:00,Delhi,0
200931,34,137,1231.77,debit,2024-05-08,00:37:00,Kolkata,0
200278,74,123,6045.4,debit,2024-03-17,19:14:00,Bengaluru,0
201333,6,9,3805.69,withdrawal,2024-07-03,08:30:00,Pune,0
201420,300,39,1124.45,debit,2024-02-03,06:22:00,Hyderabad,0
200955,8,97,2302.42,refund,2024-02-16,23:27:00,Mumbai,0
200442,100,41,6430.35,withdrawal,2024-09-09,19:13:00,Hyderabad,0
200982,282,4,5.0,refund,2024-05-25,21:29:00,Chennai,0
200787,21,142,3244.55,debit,2024-04-20,08:42:00,Mumbai,0
201151,138,145,2597.23,withdrawal,2024-06-21,00:45:00,Kolkata,0
200443,10,128,2370.11,refund,2024-06-22,18:56:00,Ahmedabad,0
200300,4,193,4924.96,debit,2024-06-17,06:33:00,Delhi,0
200934,175,86,1639.88,debit,2024-10-01,20:45:00,Pune,0
200376,115,25,498.77,credit,2024-05-11,02:51:00,Ahmedabad,0
201233,260,171,354.82,debit,2024-03-16,05:00:00,Kolkata,0
201119,158,124,5454.17,debit,2024-10-03,07:49:00,Ahmedabad,0
201477,190,5,185.89,debit,2024-02-28,07:13:00,Ahmedabad,0
200983,223,6,2151.05,debit,2024-08-04,02:22:00,Bengaluru,0
200473,249,200,1253.82,debit,2024-08-25,20:57:00,Hyderabad,0
200876,11,183,902.92,debit,2024-01-04,10:47:00,Kolkata,0
200564,236,7,2822.28,debit,2024-03-14,02:33:00,Mumbai,0
201369,166,98,1460.12,debit,2024-06-07,23:22:00,Ahmedabad,0
200751,155,63,4370.29,debit,2024-06-24,11:35:00,Hyderabad,0
200389,191,10,1644.03,debit,2024-05-25,07:15:00,Ahmedabad,0
200023,81,172,1935.32,debit,2024-06-16,12:10:00,Hyderabad,0
200821,56,122,7729.02,debit,2024-08-10,22:22:00,Delhi,0
200125,127,4,3163.08,debit,2024-07-11,12:41:00,Chennai,0
200424,99,72,3090.58,debit,2024-10-15,16:53:00,Mumbai,0
200774,198,181,8367.08,withdrawal,2024-05-03,18:52:00,Pune,0
201343,169,103,3498.77,debit,2024-04-09,00:26:00,Ahmedabad,0
200471,59,44,3251.57,withdrawal,2024-02-15,01:13:00,Kolkata,0
200722,208,65,4739.93,debit,2024-01-07,14:38:00,Hyderabad,0
201028,216,109,289.48,credit,2024-11-23,04:40:00,Hyderabad,0
201497,275,128,6248.11,withdrawal,2024-07-17,11:11:00,Ahmedabad,0
200143,196,139,985.35,debit,2024-11-23,22:29:00,Mumbai,0
200051,150,151,1104.46,debit,2024-01-10,03:46:00,Pune,0
201397,245,62,2377.39,withdrawal,2024-04-21,19:07:00,Hyderabad,0
201435,173,130,3598.87,debit,2024-02-06,15:58:00,Mumbai,0
200624,199,48,715.17,debit,2024-03-28,19:20:00,Hyderabad,0
201086,140,74,94.75,debit,2024-01-23,09:55:00,Bengaluru,0
200082,106,44,4483.63,debit,2024-06-15,21:03:00,Kolkata,0
200704,83,190,3150.63,debit,2024-07-24,21:26:00,Kolkata,0
200483,255,152,2172.07,withdrawal,2024-04-25,21:02:00,Ahmedabad,0
200322,52,57,4640.41,withdrawal,2024-04-13,17:02:00,Pune,0
201248,65,70,1061.58,debit,2024-07-03,15:22:00,Chennai,0
200506,246,6,1552.73,debit,2024-04-11,02:34:00,Bengaluru,0
201492,35,166,827.82,debit,2024-07-11,09:22:00,Kolkata,0
200067,141,185,5790.26,withdrawal,2024-03-14,12:49:00,Bengaluru,0
201320,178,166,189.04,debit,2024-09-27,00:38:00,Kolkata,0
201324,155,193,4253.61,debit,2024-01-04,02:59:00,Delhi,0
200802,160,87,4775.15,debit,2024-05-02,21:54:00,Bengaluru,0
201279,223,123,3029.74,debit,2024-04-21,04:39:00,Bengaluru,0
200032,202,151,2364.07,debit,2024-02-11,14:57:00,Pune,0
200796,191,108,4358.35,debit,2024-06-12,13:02:00,Ahmedabad,0
200418,216,83,1989.78,debit,2024-09-12,04:12:00,Hyderabad,0
200633,48,135,1896.34,credit,2024-05-05,07:34:00,Ahmedabad,0
201073,195,24,1572.67,debit,2024-02-02,13:11:00,Delhi,0
200065,95,17,1142.56,debit,2024-07-22,20:00:00,Delhi,0
200140,11,28,886.53,withdrawal,2024-05-12,12:54:00,Mumbai,0
201388,22,179,330.26,debit,2024-02-05,15:59:00,Kolkata,0
201199,287,120,813.04,withdrawal,2024-04-08,11:53:00,Delhi,0
200078,10,195,3856.22,debit,2024-06-08,06:32:00,Hyderabad,0
200492,183,125,6091.44,debit,2024-11-24,06:42:00,Mumbai,0
201055,184,65,1370.71,debit,2024-11-11,11:43:00,Hyderabad,0
201191,2,146,1266.84,debit,2024-08-06,17:06:00,Kolkata,0
200533,262,61,763.43,debit,2024-01-16,14:31:00,Mumbai,0
200066,292,115,2104.15,debit,2024-02-11,13:12:00,Mumbai,0
201260,216,73,1072.6,withdrawal,2024-02-06,14:28:00,Hyderabad,0
200902,209,96,4841.28,debit,2024-01-01,04:32:00,Hyderabad,0
201348,202,134,2545.98,debit,2024-06-09,19:32:00,Kolkata,0
200297,242,188,5.0,debit,2024-02-21,17:42:00,Bengaluru,0
200592,221,44,2672.19,debit,2024-04-20,17:51:00,Kolkata,0
200420,46,135,1943.75,credit,2024-01-19,09:24:00,Ahmedabad,0
200768,300,63,2182.66,debit,2024-04-22,12:06:00,Hyderabad,0
200439,4,89,4628.6,debit,2024-04-22,07:32:00,Kolkata,0
200262,145,138,805.48,refund,2024-04-21,11:57:00,Mumbai,0
201223,2,117,3216.43,debit,2024-04-14,18:24:00,Mumbai,0
200725,28,42,1551.83,credit,2024-03-08,15:54:00,Kolkata,0
201386,42,176,596.96,debit,2024-05-27,18:41:00,Hyderabad,0
200282,48,108,4600.9,debit,2024-09-12,15:58:00,Ahmedabad,0
200627,146,166,765.23,refund,2024-01-02,10:14:00,Kolkata,0
201014,7,64,1872.97,debit,2024-06-02,23:25:00,Mumbai,0
201089,115,12,4596.6,refund,2024-06-04,11:37:00,Kolkata,0
201449,122,167,1987.95,debit,2024-02-28,12:56:00,Mumbai,0
200189,97,5,197.95,debit,2024-08-14,17:58:00,Ahmedabad,0
201203,127,113,3792.07,debit,2024-06-14,10:13:00,Chennai,0
200252,282,160,1502.49,debit,2024-06-27,11:27:00,Ahmedabad,0
200584,82,185,2279.28,credit,2024-01-20,17:26:00,Bengaluru,0
201035,88,88,1628.8,debit,2024-05-22,23:00:00,Kolkata,0
201354,50,138,727.23,debit,2024-11-24,20:37:00,Mumbai,0
200993,159,92,3599.54,debit,2024-11-06,16:27:00,Hyderabad,1
200515,73,109,1833.76,debit,2024-10-05,20:04:00,Hyderabad,0
201099,79,56,1286.75,debit,2024-10-05,16:17:00,Chennai,0
201098,224,35,290.09,debit,2024-02-11,17:13:00,Pune,0
201446,141,114,5368.52,debit,2024-11-27,03:45:00,Bengaluru,0
200707,239,125,3886.53,debit,2024-10-23,10:20:00,Mumbai,0
200488,182,106,386.69,debit,2024-02-17,17:39:00,Hyderabad,0
200664,151,55,3334.59,credit,2024-02-28,02:57:00,Pune,0
201135,138,109,1501.83,debit,2024-07-26,08:20:00,Hyderabad,0
201143,202,196,3197.7,debit,2024-07-18,17:05:00,Chennai,0
200274,117,101,2032.57,debit,2024-01-05,09:09:00,Hyderabad,0
200686,196,153,2415.51,debit,2024-03-23,12:01:00,Ahmedabad,0
201437,37,159,2606.28,debit,2024-04-11,19:01:00,Hyderabad,0
200878,56,26,2314.66,debit,2024-07-21,17:25:00,Ahmedabad,0
201049,9,11,686.41,debit,2024-11-04,16:39:00,Ahmedabad,0
201349,49,153,1880.79,debit,2024-05-03,17:32:00,Ahmedabad,0
200449,22,95,2003.01,credit,2024-04-10,18:34:00,Mumbai,0
200412,168,22,6191.58,withdrawal,2024-08-05,00:59:00,Mumbai,0
200459,99,144,4237.72,credit,2024-05-24,00:58:00,Hyderabad,0
200377,4,101,4362.16,debit,2024-03-01,10:59:00,Hyderabad,0
201306,74,173,4782.98,debit,2024-08-21,02:18:00,Chennai,0
200668,261,186,5699.3,debit,2024-04-15,02:09:00,Mumbai,0
201239,110,103,1529.3,debit,2024-01-11,05:39:00,Ahmedabad,0
200150,205,76,1131.86,withdrawal,2024-11-10,01:56:00,Chennai,0
200923,55,43,1463.82,refund,2024-02-23,17:11:00,Mumbai,0
201197,178,110,1368.08,refund,2024-04-08,14:44:00,Delhi,0
200734,201,119,3263.34,debit,2024-02-05,15:37:00,Delhi,0
200219,264,50,888.12,debit,2024-03-23,14:25:00,Kolkata,0
200240,26,196,6162.35,credit,2024-03-21,08:15:00,Chennai,0
201079,127,195,4260.99,withdrawal,2024-09-19,17:09:00,Hyderabad,0
200868,299,140,2365.95,debit,2024-10-04,17:27:00,Mumbai,0
200726,247,99,1667.59,withdrawal,2024-01-08,05:58:00,Mumbai,0
200193,45,37,237.66,debit,2024-09-21,00:54:00,Chennai,0
200793,166,85,2451.71,debit,2024-06-23,09:29:00,Mumbai,0
200192,16,44,5611.62,debit,2024-06-16,21:41:00,Kolkata,0
200928,47,133,1861.14,debit,2024-06-28,09:19:00,Delhi,0
200954,287,152,1101.11,debit,2024-09-17,12:06:00,Ahmedabad,0
200958,127,125,7223.11,withdrawal,2024-11-01,15:57:00,Mumbai,0
200645,153,152,1563.07,withdrawal,2024-11-23,03:41:00,Ahmedabad,0
200360,179,20,5350.17,credit,2024-02-24,17:07:00,Mumbai,0
201134,171,172,1445.24,debit,2024-06-28,13:01:00,Hyderabad,0
201451,143,74,216.76,debit,2024-07-26,10:36:00,Bengaluru,0
200017,228,72,2134.0,debit,2024-06-08,23:14:00,Mumbai,0
200334,82,69,3604.32,refund,2024-10-05,11:59:00,Mumbai,0
201206,102,172,579.69,credit,2024-10-23,03:01:00,Hyderabad,0
200583,171,101,4144.15,credit,2024-10-15,21:56:00,Hyderabad,0
201421,81,82,675.3,debit,2024-09-05,01:42:00,Mumbai,0
201070,37,141,1261.53,debit,2024-05-03,07:07:00,Mumbai,0
200840,261,88,1324.59,refund,2024-09-24,04:17:00,Kolkata,0
200628,94,86,4571.01,debit,2024-05-12,09:23:00,Pune,0
201391,277,196,4227.79,debit,2024-09-16,11:07:00,Chennai,0
200324,17,196,4933.91,debit,2024-02-19,00:06:00,Chennai,0
200825,207,88,1805.31,debit,2024-10-23,11:53:00,Kolkata,0
201224,156,128,4636.04,debit,2024-05-18,03:31:00,Ahmedabad,0
200632,131,36,5862.8,debit,2024-05-09,16:41:00,Ahmedabad,0
201301,157,59,2794.27,withdrawal,2024-09-13,11:30:00,Bengaluru,0
201445,138,52,280.09,debit,2024-01-24,08:17:00,Chennai,1
200779,98,51,2478.58,debit,2024-05-06,14:28:00,Pune,0
201381,111,24,2828.25,debit,2024-03-03,21:56:00,Delhi,0
200940,198,22,3667.03,withdrawal,2024-11-09,21:17:00,Mumbai,0
200856,94,60,1298.37,withdrawal,2024-08-17,06:50:00,Delhi,0
200438,155,80,3805.78,withdrawal,2024-05-26,21:50:00,Delhi,0
200120,170,37,140.15,debit,2024-08-10,13:38:00,Chennai,0
201057,138,84,2554.47,debit,2024-08-16,08:51:00,Delhi,0
201211,149,92,2273.84,withdrawal,2024-06-01,02:49:00,Hyderabad,0
200791,177,168,1367.49,refund,2024-09-10,09:25:00,Pune,0
200342,159,82,1352.55,refund,2024-05-26,06:34:00,Mumbai,0
200816,183,6,1829.47,debit,2024-01-02,21:24:00,Bengaluru,0
200003,17,101,4150.14,debit,2024-02-08,12:37:00,Hyderabad,0
200230,161,45,959.11,withdrawal,2024-06-24,11:32:00,Kolkata,0
201123,62,146,2049.71,debit,2024-03-01,07:23:00,Kolkata,0
201441,227,3,106.88,debit,2024-01-05,20:52:00,Ahmedabad,0
200077,73,76,1111.19,refund,2024-05-20,15:30:00,Chennai,0
201385,147,50,973.05,debit,2024-04-04,08:55:00,Kolkata,0
201006,180,33,284.12,withdrawal,2024-11-19,16:34:00,Delhi,0
201352,68,80,1883.46,debit,2024-04-13,13:19:00,Delhi,0
200372,136,170,1517.97,debit,2024-07-13,19:33:00,Bengaluru,0
200181,257,138,271.16,debit,2024-05-20,18:40:00,Mumbai,0
201075,210,133,4105.85,debit,2024-07-10,23:40:00,Delhi,0
201471,183,139,805.97,credit,2024-02-10,19:23:00,Mumbai,0
200942,226,35,208.49,refund,2024-02-23,19:11:00,Pune,0
200578,174,194,1004.47,debit,2024-06-12,22:48:00,Ahmedabad,0
200820,272,140,478.31,debit,2024-02-03,05:23:00,Mumbai,0
201094,164,143,2147.18,withdrawal,2024-08-11,06:36:00,Delhi,0
201115,228,97,2273.46,withdrawal,2024-06-15,01:54:00,Mumbai,0
201287,101,128,4522.43,withdrawal,2024-07-06,07:47:00,Ahmedabad,0
201278,38,55,2517.46,withdrawal,2024-10-28,01:16:00,Pune,0
200063,228,49,2127.05,debit,2024-10-26,10:52:00,Pune,0
200590,200,110,2053.34,debit,2024-02-09,05:16:00,Delhi,0
200887,98,174,2039.46,debit,2024-06-17,19:14:00,Hyderabad,0
200969,231,58,2021.06,refund,2024-03-26,14:11:00,Kolkata,0
201121,170,189,1242.71,debit,2024-04-21,05:55:00,Bengaluru,0
200786,52,176,803.15,debit,2024-06-05,11:22:00,Hyderabad,0
201147,210,162,3143.86,debit,2024-09-28,23:36:00,Ahmedabad,0
200312,299,172,1364.06,debit,2024-08-28,02:12:00,Hyderabad,0
201200,175,9,3148.69,credit,2024-05-04,15:11:00,Pune,0
200302,64,175,2554.68,debit,2024-11-28,01:20:00,Hyderabad,0
200723,206,103,2131.19,withdrawal,2024-05-11,19:11:00,Ahmedabad,0
200690,119,118,4230.94,withdrawal,2024-04-02,23:31:00,Mumbai,0
200813,79,191,2855.83,debit,2024-07-08,20:54:00,Ahmedabad,0
200038,146,181,5912.18,refund,2024-03-15,00:50:00,Pune,0
200354,224,98,1195.54,debit,2024-08-03,06:31:00,Ahmedabad,0
201377,260,47,8565.74,withdrawal,2024-02-22,15:27:00,Ahmedabad,0
200715,102,46,3782.99,debit,2024-04-03,20:16:00,Pune,0
200981,248,87,4668.96,debit,2024-04-25,09:49:00,Bengaluru,0
200237,84,152,1601.33,debit,2024-04-19,02:37:00,Ahmedabad,0
201442,156,119,602.55,debit,2024-06-01,15:32:00,Delhi,0
200963,90,109,1146.88,debit,2024-11-18,01:45:00,Hyderabad,0
201144,95,139,1878.56,debit,2024-11-05,21:28:00,Mumbai,0
200730,58,68,610.31,debit,2024-09-07,08:10:00,Mumbai,0
201234,85,136,3802.31,debit,2024-04-16,00:52:00,Ahmedabad,0
201387,186,27,786.07,debit,2024-04-27,20:09:00,Bengaluru,0
200500,116,118,4203.15,withdrawal,2024-03-28,13:51:00,Mumbai,0
201275,136,35,513.51,debit,2024-03-23,06:36:00,Pune,0
200554,39,38,2703.93,debit,2024-06-02,13:11:00,Kolkata,0
200056,230,63,1660.92,debit,2024-08-04,11:55:00,Hyderabad,0
200303,167,116,1383.69,credit,2024-07-04,13:09:00,Hyderabad,0
200795,131,156,4102.68,debit,2024-05-21,11:44:00,Delhi,0
200287,25,88,2349.15,debit,2024-05-13,13:20:00,Kolkata,0
201141,11,138,158.63,debit,2024-05-21,02:44:00,Mumbai,0
200220,62,114,2217.36,debit,2024-09-03,11:21:00,Bengaluru,0
200901,93,117,2101.87,debit,2024-01-26,12:23:00,Mumbai,0
200991,37,189,2433.79,debit,2024-02-04,14:04:00,Bengaluru,0
201021,199,86,5483.1,debit,2024-06-10,15:14:00,Pune,0
200935,194,157,2367.2,debit,2024-08-18,04:52:00,Pune,0
200388,201,11,2468.85,withdrawal,2024-11-21,03:04:00,Ahmedabad,0
200305,153,15,3561.69,debit,2024-11-03,08:25:00,Hyderabad,0
200391,274,159,1323.82,debit,2024-01-13,21:50:00,Hyderabad,0
200744,137,67,1681.99,debit,2024-10-23,00:32:00,Delhi,0
200353,274,153,672.03,debit,2024-11-17,16:04:00,Ahmedabad,0
200194,40,2,2428.46,debit,2024-08-23,02:09:00,Bengaluru,0
200236,223,31,2690.19,withdrawal,2024-10-18,21:59:00,Bengaluru,0
201270,234,175,4414.18,credit,2024-08-09,05:31:00,Hyderabad,0
200695,240,150,3275.8,debit,2024-04-12,03:54:00,Pune,0
200481,228,41,4810.36,debit,2024-11-24,23:41:00,Hyderabad,0
201019,22,91,3638.15,debit,2024-09-11,12:14:00,Bengaluru,0
200568,132,111,3531.8,debit,2024-10-13,05:55:00,Delhi,0
200117,118,162,1277.34,credit,2024-01-08,12:37:00,Ahmedabad,0
201188,156,154,1070.0,debit,2024-02-21,22:14:00,Bengaluru,0
200654,56,85,1285.39,debit,2024-10-12,01:59:00,Mumbai,0
201254,103,110,3121.28,debit,2024-01-10,06:13:00,Delhi,0
201389,236,154,1328.13,debit,2024-04-13,05:32:00,Bengaluru,0
201167,11,34,6175.87,withdrawal,2024-07-20,03:54:00,Pune,0
200121,100,110,2727.94,debit,2024-02-08,21:24:00,Delhi,0
201284,145,38,3454.5,debit,2024-09-07,14:10:00,Kolkata,0
201025,78,161,1904.48,debit,2024-11-11,15:13:00,Hyderabad,0
200927,182,177,1422.56,debit,2024-03-05,22:35:00,Chennai,0
200516,191,34,2582.67,debit,2024-05-03,02:46:00,Pune,0
200224,43,81,2848.61,debit,2024-08-20,01:40:00,Bengaluru,0
201351,261,148,1218.47,debit,2024-10-28,07:04:00,Ahmedabad,0
200614,193,77,2650.78,debit,2024-02-28,21:49:00,Mumbai,0
200844,210,114,5690.21,debit,2024-02-01,19:46:00,Bengaluru,0
200053,52,99,2992.68,debit,2024-04-20,05:10:00,Mumbai,0
201494,227,162,818.12,withdrawal,2024-06-06,20:18:00,Ahmedabad,0
200486,84,146,7036.51,debit,2024-03-20,16:20:00,Kolkata,0
201425,228,188,2361.25,debit,2024-10-06,19:33:00,Bengaluru,0
200819,101,44,5390.77,debit,2024-02-10,14:55:00,Kolkata,1
200156,206,172,1884.12,withdrawal,2024-07-22,16:54:00,Hyderabad,0
200601,135,116,225.54,debit,2024-04-10,21:57:00,Hyderabad,0
201195,126,2,4113.66,debit,2024-08-06,14:18:00,Bengaluru,0
200249,213,7,3926.63,debit,2024-01-01,10:36:00,Mumbai,0
200762,192,190,3232.28,debit,2024-03-06,09:27:00,Kolkata,0
201361,247,72,3089.14,debit,2024-10-06,11:24:00,Mumbai,0
200543,220,44,4413.1,debit,2024-11-21,16:57:00,Kolkata,0
200794,48,87,5681.11,debit,2024-11-07,07:50:00,Bengaluru,0
201085,288,13,3528.14,debit,2024-10-04,11:02:00,Ahmedabad,0
200629,35,156,4959.35,withdrawal,2024-05-04,07:00:00,Delhi,0
200151,133,83,2666.17,debit,2024-01-08,21:07:00,Hyderabad,0
200292,148,7,1151.03,debit,2024-07-23,17:20:00,Mumbai,0
200382,128,119,3335.76,withdrawal,2024-10-21,02:12:00,Delhi,0
200687,20,47,2683.47,debit,2024-03-05,09:14:00,Ahmedabad,0
200898,70,127,398.91,debit,2024-04-04,17:01:00,Chennai,0
200855,213,85,1143.51,debit,2024-07-06,16:48:00,Mumbai,0
201488,281,29,5429.45,debit,2024-04-17,06:29:00,Chennai,0
201138,69,102,3057.44,withdrawal,2024-09-04,23:20:00,Hyderabad,0
201376,171,137,3295.29,debit,2024-03-23,21:47:00,Kolkata,0
200892,18,165,2715.25,withdrawal,2024-09-15,09:31:00,Kolkata,0
201491,216,94,3573.69,debit,2024-01-26,01:43:00,Pune,0
200616,136,141,1091.66,debit,2024-01-10,21:08:00,Mumbai,0
200155,262,120,493.38,debit,2024-11-21,14:32:00,Delhi,0
201486,265,22,4770.54,withdrawal,2024-01-11,19:49:00,Mumbai,0
200323,223,26,2947.38,debit,2024-06-25,12:49:00,Ahmedabad,0
201153,132,126,2931.62,debit,2024-07-12,18:01:00,Kolkata,0
200083,42,45,735.1,debit,2024-06-24,03:33:00,Kolkata,0
200513,208,182,4185.28,withdrawal,2024-07-08,10:16:00,Kolkata,0
201470,213,86,136.93,credit,2024-02-06,21:59:00,Pune,0
200930,217,185,6979.89,withdrawal,2024-11-13,00:06:00,Bengaluru,0
201218,289,85,1634.01,debit,2024-03-25,07:14:00,Mumbai,0
200011,62,58,1805.98,credit,2024-05-14,03:28:00,Kolkata,0
200832,12,12,5114.18,debit,2024-08-26,06:34:00,Kolkata,0
200033,266,77,2857.05,credit,2024-09-02,20:57:00,Mumbai,0
200414,220,4,7815.53,credit,2024-10-21,08:40:00,Chennai,0
200581,139,55,6731.53,debit,2024-04-21,07:45:00,Pune,0
201427,139,120,1011.33,credit,2024-09-18,23:01:00,Delhi,0
201418,184,65,6959.74,debit,2024-08-12,21:47:00,Hyderabad,0
200615,85,62,4175.84,credit,2024-03-13,22:06:00,Hyderabad,0
201046,130,109,797.49,debit,2024-01-07,21:40:00,Hyderabad,0
201015,62,39,833.08,debit,2024-08-08,08:11:00,Hyderabad,0
200090,147,164,4684.35,debit,2024-08-10,23:22:00,Pune,0
201265,191,167,3791.58,debit,2024-06-13,04:36:00,Mumbai,0
200602,208,177,232.53,credit,2024-04-15,10:52:00,Chennai,0
200134,40,194,330.34,debit,2024-04-05,03:43:00,Ahmedabad,0
200556,243,13,6513.03,debit,2024-01-05,19:51:00,Ahmedabad,0
201032,282,135,3121.23,withdrawal,2024-06-25,18:09:00,Ahmedabad,0
201168,67,139,1948.46,debit,2024-06-27,09:09:00,Mumbai,0
200321,199,95,2381.97,refund,2024-08-05,16:48:00,Mumbai,0
201314,222,71,1232.28,debit,2024-08-18,22:58:00,Ahmedabad,0
201292,297,122,4889.31,debit,2024-06-02,07:16:00,Delhi,0
200635,76,48,1242.5,debit,2024-11-18,20:58:00,Hyderabad,0
200553,282,169,614.99,debit,2024-08-07,09:50:00,Mumbai,0
201056,172,144,1006.84,debit,2024-09-02,09:59:00,Hyderabad,0
201161,234,146,3174.0,debit,2024-05-22,17:24:00,Kolkata,0
200797,12,48,273.7,credit,2024-11-28,09:51:00,Hyderabad,0
201241,210,157,3932.24,withdrawal,2024-10-28,09:04:00,Pune,0
201272,208,103,1966.3,credit,2024-05-26,02:07:00,Ahmedabad,0
200175,49,55,2384.68,withdrawal,2024-03-10,11:11:00,Pune,0
200767,41,182,7337.52,debit,2024-05-22,14:05:00,Kolkata,0
200246,12,64,5163.74,debit,2024-01-21,15:25:00,Mumbai,0
201081,75,153,637.22,debit,2024-10-02,04:21:00,Ahmedabad,0
201430,183,66,854.17,debit,2024-06-24,23:40:00,Kolkata,0
200146,23,110,1969.07,credit,2024-10-06,13:12:00,Delhi,0
200091,33,160,2865.65,debit,2024-09-20,12:41:00,Ahmedabad,0
200683,136,44,2945.66,debit,2024-05-13,19:38:00,Kolkata,0
200311,180,38,3930.83,debit,2024-05-08,08:53:00,Kolkata,0
200094,30,74,96.57,debit,2024-06-11,19:53:00,Bengaluru,0
201170,189,39,711.06,debit,2024-04-17,03:00:00,Hyderabad,0
200925,6,116,344.6,debit,2024-03-28,17:42:00,Hyderabad,0
201258,159,2,2421.35,debit,2024-01-15,15:22:00,Bengaluru,0
201036,37,141,2150.38,withdrawal,2024-04-26,13:16:00,Mumbai,0
200244,32,74,124.62,debit,2024-06-24,04:00:00,Bengaluru,0
201112,72,12,4395.13,debit,2024-10-21,21:07:00,Kolkata,0
200215,30,184,1069.77,withdrawal,2024-11-13,04:37:00,Hyderabad,0
200999,227,29,5312.81,debit,2024-05-28,17:52:00,Chennai,0
200854,273,156,2655.64,credit,2024-04-06,11:31:00,Delhi,0
200426,5,94,2747.22,credit,2024-09-28,21:26:00,Pune,0
201309,101,154,1974.52,debit,2024-06-08,09:04:00,Bengaluru,0
200227,1,193,5108.53,debit,2024-01-18,03:55:00,Delhi,0
201216,102,34,1868.23,withdrawal,2024-09-14,22:49:00,Pune,0
200001,290,93,1573.4,debit,2024-08-23,06:59:00,Mumbai,0
200402,82,90,1500.16,debit,2024-10-07,05:25:00,Kolkata,1
201104,107,157,2236.16,debit,2024-01-14,20:16:00,Pune,0
200085,183,195,3066.54,refund,2024-10-20,08:52:00,Hyderabad,0
200163,96,180,854.83,debit,2024-10-19,07:21:00,Mumbai,0
200115,89,142,5.0,debit,2024-04-12,08:10:00,Mumbai,0
200671,2,71,2883.25,debit,2024-10-17,04:32:00,Ahmedabad,0
201139,5,126,3341.05,debit,2024-09-13,21:55:00,Kolkata,0
200890,143,133,6257.65,debit,2024-05-01,23:58:00,Delhi,0
200626,72,81,4383.58,credit,2024-04-19,11:00:00,Bengaluru,0
201459,291,161,1999.15,debit,2024-06-22,00:07:00,Hyderabad,0
200953,53,185,4367.76,debit,2024-07-21,08:26:00,Bengaluru,0
200808,233,172,1922.2,debit,2024-11-19,19:14:00,Hyderabad,0
200259,282,188,819.74,withdrawal,2024-04-18,05:16:00,Bengaluru,0
200625,245,87,3602.42,debit,2024-06-22,06:42:00,Bengaluru,0
200827,99,125,7462.85,withdrawal,2024-06-06,13:01:00,Mumbai,0
200235,39,47,6776.4,debit,2024-03-19,02:09:00,Ahmedabad,0
200136,219,21,963.05,debit,2024-05-01,12:45:00,Mumbai,0
200617,151,195,1324.05,refund,2024-06-06,17:38:00,Hyderabad,0
200837,143,187,1759.04,debit,2024-10-27,07:42:00,Kolkata,0
200843,142,39,1190.32,debit,2024-11-11,19:01:00,Hyderabad,0
200960,230,166,435.68,debit,2024-01-11,09:34:00,Kolkata,0
200593,271,10,3759.26,debit,2024-07-13,09:45:00,Ahmedabad,0
200344,226,116,1690.73,refund,2024-01-14,07:42:00,Hyderabad,0
201230,30,46,1351.67,credit,2024-11-21,18:37:00,Pune,0
200294,118,100,2290.61,debit,2024-08-17,10:37:00,Delhi,0
200365,284,90,5503.23,debit,2024-05-05,08:06:00,Kolkata,0
200179,81,163,4461.14,debit,2024-05-08,01:02:00,Kolkata,0
200660,103,64,2527.14,debit,2024-04-18,08:14:00,Mumbai,0
200997,147,176,347.23,debit,2024-10-16,19:39:00,Hyderabad,0
200015,93,34,3553.12,debit,2024-02-23,02:16:00,Pune,0
201111,35,142,1615.14,debit,2024-06-22,22:50:00,Mumbai,0
200166,247,180,422.94,debit,2024-01-12,15:13:00,Mumbai,0
200060,104,152,87.12,debit,2024-07-06,00:40:00,Ahmedabad,0
200710,102,145,4867.57,debit,2024-03-14,02:36:00,Kolkata,0
200677,44,126,3493.13,debit,2024-01-22,04:40:00,Kolkata,0
200781,21,124,7215.2,debit,2024-11-28,08:45:00,Ahmedabad,0
200425,20,91,1230.45,credit,2024-06-02,04:17:00,Bengaluru,0
200293,253,100,5170.11,debit,2024-11-11,14:36:00,Delhi,0
201066,63,61,1495.6,debit,2024-01-14,13:44:00,Mumbai,0
201332,180,192,3167.93,debit,2024-09-08,05:10:00,Pune,0
200330,123,32,3295.37,debit,2024-11-28,09:35:00,Pune,0
200430,53,136,5035.74,credit,2024-04-03,17:06:00,Ahmedabad,0
201013,135,7,3618.86,debit,2024-06-21,13:14:00,Mumbai,0
200080,22,191,2958.8,debit,2024-09-11,15:17:00,Ahmedabad,0
201053,115,75,3628.74,withdrawal,2024-02-23,14:49:00,Delhi,0
200938,2,103,864.69,debit,2024-04-26,09:36:00,Ahmedabad,0
200835,27,1,2546.88,debit,2024-03-23,15:46:00,Ahmedabad,0
200750,79,129,1935.85,debit,2024-01-02,13:39:00,Bengaluru,0
200891,96,90,842.13,debit,2024-07-21,16:47:00,Kolkata,0
200255,59,186,5.0,debit,2024-05-21,17:45:00,Mumbai,0
201458,6,188,236.49,debit,2024-07-12,16:28:00,Bengaluru,0
201109,12,182,6683.91,debit,2024-02-09,02:13:00,Kolkata,0
200137,65,57,3311.54,withdrawal,2024-04-11,06:42:00,Pune,0
201136,181,91,2669.62,debit,2024-05-23,03:23:00,Bengaluru,0
200853,204,59,3789.09,withdrawal,2024-01-20,23:51:00,Bengaluru,0
200724,253,76,693.6,debit,2024-02-21,05:53:00,Chennai,0
200860,197,175,3708.25,debit,2024-05-26,04:35:00,Hyderabad,0
200970,7,124,1959.59,debit,2024-05-12,00:33:00,Ahmedabad,0
200497,111,172,858.81,debit,2024-10-07,16:24:00,Hyderabad,0
200951,182,75,1501.13,debit,2024-01-04,01:54:00,Delhi,0
200806,8,50,81.6,credit,2024-01-24,11:07:00,Kolkata,0
200130,44,123,4635.65,credit,2024-03-12,11:13:00,Bengaluru,0
200338,271,63,4394.62,debit,2024-08-13,23:28:00,Hyderabad,0
201487,201,163,4313.15,debit,2024-10-16,23:48:00,Kolkata,0
200609,4,19,3501.0,withdrawal,2024-09-08,14:20:00,Pune,0
201149,277,189,1695.95,debit,2024-08-26,01:23:00,Bengaluru,0
200196,128,190,2756.26,withdrawal,2024-05-04,07:11:00,Kolkata,0
201473,237,196,6892.35,debit,2024-10-13,10:29:00,Chennai,0
200910,54,103,1998.39,debit,2024-09-03,03:51:00,Ahmedabad,0
200585,163,78,1854.01,debit,2024-02-26,00:53:00,Ahmedabad,0
200104,26,150,2981.79,withdrawal,2024-05-23,10:52:00,Pune,0
201379,121,2,2879.93,debit,2024-06-04,20:04:00,Bengaluru,0
201393,219,193,4266.89,withdrawal,2024-01-13,22:37:00,Delhi,0
200720,298,6,1609.07,debit,2024-03-12,20:54:00,Bengaluru,0
200885,156,6,1089.4,withdrawal,2024-07-23,20:46:00,Bengaluru,0
200777,249,178,282.86,debit,2024-02-04,10:15:00,Ahmedabad,0
200850,143,93,3666.01,credit,2024-04-08,08:17:00,Mumbai,0
200895,229,128,7773.6,debit,2024-10-02,20:28:00,Ahmedabad,0
200228,162,81,2280.37,credit,2024-10-21,03:23:00,Bengaluru,0
201403,284,8,3836.59,debit,2024-09-27,18:48:00,Bengaluru,0
200127,186,141,1579.2,debit,2024-04-14,01:17:00,Mumbai,0
200406,260,121,3614.97,debit,2024-07-03,16:39:00,Chennai,0
200776,162,63,8651.65,credit,2024-03-19,23:02:00,Hyderabad,0
200822,264,108,4497.48,debit,2024-03-04,16:33:00,Ahmedabad,0
200712,172,104,2665.5,withdrawal,2024-03-04,12:17:00,Delhi,0
201407,134,112,4868.94,debit,2024-04-02,00:15:00,Ahmedabad,0
201061,57,64,2751.47,debit,2024-03-01,16:59:00,Mumbai,0
201164,122,179,143.74,debit,2024-03-21,16:56:00,Kolkata,0
200304,252,132,3050.19,debit,2024-06-12,21:51:00,Bengaluru,0
200268,71,197,974.42,debit,2024-08-07,18:50:00,Chennai,0
200546,213,51,3102.82,withdrawal,2024-06-24,01:54:00,Pune,0
200213,104,75,1993.99,debit,2024-10-15,03:50:00,Delhi,0
200897,234,146,5874.86,debit,2024-10-17,05:27:00,Kolkata,0
200917,284,85,2140.26,refund,2024-11-04,09:42:00,Mumbai,0
200676,79,117,3941.09,debit,2024-07-20,09:10:00,Mumbai,0
200815,110,115,949.53,credit,2024-05-09,15:49:00,Mumbai,0
200343,275,39,1714.14,debit,2024-04-17,03:29:00,Hyderabad,0
200550,262,144,6571.41,debit,2024-02-13,00:43:00,Hyderabad,0
201215,292,174,2751.75,debit,2024-04-04,21:20:00,Hyderabad,0
200967,268,80,2856.35,debit,2024-10-25,10:39:00,Delhi,0
200296,57,133,2883.48,debit,2024-07-17,08:39:00,Delhi,0
200696,222,134,1089.16,withdrawal,2024-05-15,07:30:00,Kolkata,0
200074,187,177,495.17,debit,2024-07-19,09:17:00,Chennai,0
200606,63,138,676.36,debit,2024-06-04,16:45:00,Mumbai,0
200105,57,5,402.5,debit,2024-07-21,05:33:00,Ahmedabad,0
200646,236,97,3662.88,credit,2024-10-19,13:01:00,Mumbai,0
201462,134,107,4899.25,debit,2024-09-03,23:53:00,Bengaluru,0
201041,192,137,8370.21,debit,2024-01-11,13:58:00,Kolkata,0
200440,139,191,2502.29,withdrawal,2024-01-24,20:24:00,Ahmedabad,0
201020,55,34,3295.85,debit,2024-01-15,22:55:00,Pune,0
200092,9,46,3251.67,debit,2024-08-13,14:19:00,Pune,0
201113,247,95,1180.47,refund,2024-10-09,16:05:00,Mumbai,0
201305,151,81,2408.07,debit,2024-03-01,16:16:00,Bengaluru,0
200909,111,186,3400.38,debit,2024-08-19,10:19:00,Mumbai,0
200103,156,145,3945.57,debit,2024-02-27,09:32:00,Kolkata,0
200239,226,57,5836.39,withdrawal,2024-08-11,05:17:00,Pune,0
201269,248,197,600.65,debit,2024-09-12,06:17:00,Chennai,0
200943,300,48,448.29,debit,2024-11-22,22:08:00,Hyderabad,0
200939,94,190,817.38,debit,2024-09-12,16:06:00,Kolkata,0
201182,192,54,3565.05,debit,2024-03-26,14:21:00,Delhi,0
200006,124,109,1360.62,debit,2024-10-12,12:49:00,Hyderabad,0
201353,141,130,2418.55,debit,2024-06-18,10:13:00,Mumbai,0
200966,6,175,5551.49,credit,2024-07-27,07:47:00,Hyderabad,0
200019,159,134,288.98,credit,2024-05-26,16:45:00,Kolkata,0
200122,218,34,2274.42,credit,2024-07-10,12:56:00,Pune,0
200662,59,110,1695.64,debit,2024-08-23,19:45:00,Delhi,0
201257,124,141,706.59,credit,2024-07-26,23:16:00,Mumbai,0
200275,127,147,597.91,debit,2024-03-15,21:25:00,Bengaluru,0
200434,165,54,5716.66,withdrawal,2024-06-12,05:45:00,Delhi,0
200812,196,132,4481.7,debit,2024-07-12,00:57:00,Bengaluru,0
201394,225,160,2053.08,credit,2024-03-25,21:53:00,Ahmedabad,0
201408,44,175,3751.27,debit,2024-03-03,01:56:00,Hyderabad,0
200182,176,154,819.58,withdrawal,2024-03-05,14:40:00,Bengaluru,0
200185,257,185,3247.99,debit,2024-03-10,02:42:00,Bengaluru,0
200407,153,60,1849.37,credit,2024-05-12,09:42:00,Delhi,0
200866,5,173,3568.57,debit,2024-08-19,17:12:00,Chennai,0
200521,212,3,128.04,credit,2024-04-01,12:53:00,Ahmedabad,0
201004,75,156,4838.93,debit,2024-02-10,16:07:00,Delhi,0
200381,128,18,800.05,credit,2024-08-02,15:33:00,Bengaluru,0
200428,56,196,3309.29,debit,2024-02-09,14:49:00,Chennai,0
200079,165,62,2113.4,withdrawal,2024-07-01,11:10:00,Hyderabad,0
201010,194,78,5136.1,debit,2024-05-15,17:26:00,Ahmedabad,0
201476,276,5,233.08,withdrawal,2024-01-28,17:20:00,Ahmedabad,0
200608,78,152,973.77,debit,2024-10-13,13:30:00,Ahmedabad,0
201326,180,126,4123.62,debit,2024-06-05,14:45:00,Kolkata,0
201484,238,190,3040.99,debit,2024-11-10,21:31:00,Kolkata,0
201359,201,66,1158.85,debit,2024-06-16,23:50:00,Kolkata,0
201058,248,150,3883.04,debit,2024-01-07,15:11:00,Pune,0
201092,271,113,4673.33,debit,2024-10-05,03:44:00,Chennai,0
201102,57,13,4707.08,debit,2024-04-24,10:11:00,Ahmedabad,0
201130,273,101,4243.73,debit,2024-09-11,17:15:00,Hyderabad,0
201236,121,125,1017.29,debit,2024-01-17,09:47:00,Mumbai,0
201321,230,26,1099.51,debit,2024-11-03,17:49:00,Ahmedabad,0
200959,121,183,1672.91,debit,2024-08-13,03:18:00,Kolkata,0
200560,41,88,1363.17,refund,2024-07-06,02:37:00,Kolkata,0
200847,104,5,323.7,debit,2024-01-26,01:46:00,Ahmedabad,0
200691,199,50,1329.95,debit,2024-02-21,22:48:00,Kolkata,0
201444,241,46,4382.59,debit,2024-08-07,05:14:00,Pune,0
201392,196,46,3027.88,debit,2024-07-23,17:02:00,Pune,0
200437,296,109,926.43,debit,2024-10-22,07:36:00,Hyderabad,0
200491,206,105,4328.88,refund,2024-03-27,16:51:00,Mumbai,0
201489,110,21,425.9,credit,2024-03-07,16:32:00,Mumbai,0
201370,22,50,1391.58,debit,2024-06-06,09:58:00,Kolkata,0
200070,218,54,2978.53,debit,2024-10-04,08:07:00,Delhi,0
200809,253,50,1107.68,credit,2024-04-08,15:37:00,Kolkata,0
201185,90,146,6215.73,debit,2024-11-23,05:45:00,Kolkata,0
200012,54,131,2319.4,debit,2024-03-09,01:21:00,Pune,0
200145,232,5,410.23,debit,2024-10-24,07:45:00,Ahmedabad,0
200918,254,156,3219.52,debit,2024-11-21,16:43:00,Delhi,0
200640,280,68,772.28,debit,2024-05-26,15:24:00,Mumbai,0
200177,180,196,3403.76,debit,2024-10-11,12:11:00,Chennai,0
200995,59,33,232.79,debit,2024-02-13,21:09:00,Delhi,0
200441,6,168,2658.71,debit,2024-07-20,08:45:00,Pune,0
200522,16,17,2218.29,debit,2024-04-26,11:42:00,Delhi,0
201475,1,74,102.38,debit,2024-02-18,00:58:00,Bengaluru,0
201005,45,142,5657.93,debit,2024-07-22,11:36:00,Mumbai,0
201256,169,79,755.21,credit,2024-07-14,22:17:00,Bengaluru,0
201235,42,40,2879.94,debit,2024-06-05,13:16:00,Pune,0
200144,156,70,854.55,debit,2024-06-21,03:11:00,Chennai,0
200754,76,122,984.84,debit,2024-02-18,15:26:00,Delhi,0
200520,277,64,4632.62,withdrawal,2024-08-24,03:55:00,Mumbai,0
200823,91,171,440.84,debit,2024-09-07,07:56:00,Kolkata,0
200429,22,169,617.94,withdrawal,2024-10-10,11:38:00,Mumbai,0
200613,13,72,3068.83,debit,2024-03-03,14:43:00,Mumbai,0
201033,151,52,190.64,withdrawal,2024-09-14,08:41:00,Chennai,0
200157,42,59,4327.73,refund,2024-04-02,22:52:00,Bengaluru,0
200540,85,56,721.78,debit,2024-08-15,23:08:00,Chennai,0
201291,76,111,2799.08,debit,2024-06-03,10:44:00,Delhi,0
200462,147,85,340.32,debit,2024-11-06,18:40:00,Mumbai,0
200577,15,192,2855.71,withdrawal,2024-02-16,18:29:00,Pune,0
200256,60,130,1403.1,debit,2024-09-17,08:08:00,Mumbai,0
200980,296,32,4417.62,debit,2024-03-08,22:44:00,Pune,0
201186,299,98,1660.83,debit,2024-10-28,11:20:00,Ahmedabad,0
201007,277,101,1844.56,debit,2024-07-11,15:46:00,Hyderabad,0
200561,70,46,3241.28,withdrawal,2024-05-19,21:14:00,Pune,0
200209,39,36,6646.28,debit,2024-05-04,07:23:00,Ahmedabad,0
200911,137,137,4172.33,refund,2024-06-04,10:32:00,Kolkata,0
201312,141,102,4058.3,debit,2024-11-15,18:50:00,Hyderabad,0
200002,134,153,721.59,debit,2024-07-15,17:05:00,Ahmedabad,0
200270,77,182,6750.16,debit,2024-01-16,07:10:00,Kolkata,0
200266,135,192,2179.88,debit,2024-05-01,08:45:00,Pune,0
200915,33,154,357.1,withdrawal,2024-09-01,02:16:00,Bengaluru,0
200231,117,175,5369.7,debit,2024-09-23,12:21:00,Hyderabad,0
201472,144,33,145.89,debit,2024-11-25,02:06:00,Delhi,0
201120,267,121,2106.43,debit,2024-06-19,05:41:00,Chennai,0
201467,99,67,1996.98,withdrawal,2024-06-25,17:36:00,Delhi,0
200865,27,66,1199.9,debit,2024-03-04,05:46:00,Kolkata,0
201067,180,82,938.96,refund,2024-02-16,18:53:00,Mumbai,0
200874,61,182,5147.26,withdrawal,2024-03-09,00:19:00,Kolkata,0
201336,155,6,1679.04,debit,2024-04-17,18:11:00,Bengaluru,0
200399,2,146,2665.18,refund,2024-11-21,01:24:00,Kolkata,0
201362,19,185,3803.24,debit,2024-04-21,14:35:00,Bengaluru,0
200046,203,119,1463.05,withdrawal,2024-07-25,15:08:00,Delhi,0
200162,292,162,1876.51,debit,2024-11-12,22:19:00,Ahmedabad,0
200992,123,190,1611.81,debit,2024-05-16,08:25:00,Kolkata,0
200728,287,176,396.51,debit,2024-04-04,13:58:00,Hyderabad,0
200630,118,53,1082.29,withdrawal,2024-11-25,18:48:00,Ahmedabad,0
200289,50,64,4381.28,debit,2024-11-01,07:38:00,Mumbai,0
201060,229,134,838.57,refund,2024-11-03,16:45:00,Kolkata,0
201456,191,196,5449.11,debit,2024-05-09,14:52:00,Chennai,0
200576,194,34,6105.25,debit,2024-01-17,04:56:00,Pune,0
200851,161,67,1258.46,debit,2024-04-05,22:19:00,Delhi,0
201340,278,133,126.75,debit,2024-02-21,11:10:00,Delhi,0
200912,208,125,6434.64,withdrawal,2024-05-12,07:26:00,Mumbai,0
201255,246,147,433.91,credit,2024-04-14,15:14:00,Bengaluru,0
201355,32,146,3964.03,debit,2024-06-17,15:00:00,Kolkata,0
200933,119,160,3889.61,withdrawal,2024-01-12,18:02:00,Ahmedabad,0
201101,299,125,2652.32,debit,2024-04-20,05:37:00,Mumbai,0
201208,17,187,3071.97,credit,2024-01-21,23:39:00,Kolkata,0
200248,77,99,2622.41,debit,2024-06-25,15:38:00,Mumbai,0
200477,200,178,170.96,debit,2024-08-06,12:41:00,Ahmedabad,0
200086,13,195,3308.84,debit,2024-08-09,20:45:00,Hyderabad,0
200470,179,58,1053.01,debit,2024-10-18,12:01:00,Kolkata,0
200226,218,129,1048.44,withdrawal,2024-10-19,16:37:00,Bengaluru,0
200775,206,147,568.85,debit,2024-02-16,13:08:00,Bengaluru,0
200332,162,26,1811.74,debit,2024-07-28,17:16:00,Ahmedabad,0
200234,48,2,1724.47,debit,2024-11-15,12:28:00,Bengaluru,0
200589,288,70,1872.28,withdrawal,2024-05-14,23:30:00,Chennai,0
200476,46,165,4346.19,credit,2024-08-25,02:36:00,Kolkata,0
201285,17,95,1389.58,debit,2024-09-13,05:11:00,Mumbai,0
200600,300,132,5828.22,debit,2024-11-23,22:29:00,Bengaluru,0
200422,59,199,3597.72,debit,2024-06-15,12:06:00,Mumbai,0
200183,247,96,4393.99,debit,2024-01-28,14:30:00,Hyderabad,0
200989,182,31,6323.44,debit,2024-05-10,23:07:00,Bengaluru,0
201001,73,40,1952.57,debit,2024-11-24,02:05:00,Pune,0
201357,275,75,1418.81,credit,2024-06-27,04:22:00,Delhi,0
200050,279,58,583.26,debit,2024-06-25,22:55:00,Kolkata,0
201455,144,144,3669.57,debit,2024-08-10,13:13:00,Hyderabad,0
201030,80,49,3687.6,debit,2024-04-10,12:21:00,Pune,0
200530,237,62,3617.1,withdrawal,2024-01-08,20:12:00,Hyderabad,0
201259,118,28,1419.89,debit,2024-03-18,09:19:00,Mumbai,0
200487,24,73,1706.15,debit,2024-07-01,02:54:00,Hyderabad,0
201454,51,32,923.68,debit,2024-02-17,20:36:00,Pune,0
200498,287,176,648.28,withdrawal,2024-10-19,20:13:00,Hyderabad,0
200107,78,98,2037.44,debit,2024-02-12,18:40:00,Ahmedabad,0
200444,134,134,1785.48,withdrawal,2024-09-03,03:53:00,Kolkata,0
200647,136,51,3888.82,refund,2024-02-06,16:18:00,Pune,0
201037,129,23,1891.36,debit,2024-11-10,09:00:00,Pune,0
200727,284,86,4317.34,debit,2024-02-21,12:34:00,Pune,0
200191,1,116,1405.02,debit,2024-11-11,19:42:00,Hyderabad,0
200283,122,41,2538.1,credit,2024-04-24,02:17:00,Hyderabad,0
200030,5,119,950.47,debit,2024-03-09,13:26:00,Delhi,0
200170,283,31,2476.06,debit,2024-08-03,23:45:00,Bengaluru,0
201002,259,20,2725.81,debit,2024-05-13,06:26:00,Mumbai,0
201205,237,178,336.45,debit,2024-06-24,16:03:00,Ahmedabad,0
200101,241,195,4104.27,withdrawal,2024-07-15,19:57:00,Hyderabad,0
200198,74,155,2973.27,debit,2024-05-23,15:14:00,Bengaluru,0
200496,293,190,2105.93,debit,2024-04-01,02:04:00,Kolkata,0
200648,268,8,6437.83,credit,2024-06-04,07:50:00,Bengaluru,0
200988,24,128,6945.44,debit,2024-06-23,04:56:00,Ahmedabad,0
200045,279,168,1914.66,withdrawal,2024-06-10,20:55:00,Pune,0
200711,265,88,1972.36,debit,2024-09-14,22:59:00,Kolkata,0
200374,69,70,1578.32,debit,2024-09-23,01:52:00,Chennai,0
200679,108,163,4113.52,debit,2024-03-18,17:25:00,Kolkata,0
200567,255,21,753.63,debit,2024-09-18,06:27:00,Mumbai,0
200848,38,125,4061.48,debit,2024-11-18,15:39:00,Mumbai,0
200461,111,5,241.68,debit,2024-11-24,23:40:00,Ahmedabad,0
201156,82,200,574.39,debit,2024-09-15,18:19:00,Hyderabad,0
200040,46,198,2454.38,debit,2024-10-06,04:53:00,Kolkata,0
200435,295,126,2044.07,withdrawal,2024-09-14,21:59:00,Kolkata,0
200974,258,13,4931.76,refund,2024-08-17,04:31:00,Ahmedabad,0
201240,192,98,1571.2,debit,2024-10-20,12:33:00,Ahmedabad,0
201008,95,43,4275.43,debit,2024-10-17,06:42:00,Mumbai,0
200457,95,64,7576.41,debit,2024-09-01,14:49:00,Mumbai,0
200261,211,139,642.76,debit,2024-01-12,22:15:00,Mumbai,0
200036,121,105,3712.35,refund,2024-05-14,05:03:00,Mumbai,0
200828,187,172,1280.46,debit,2024-07-01,05:42:00,Hyderabad,0
200310,203,196,1205.63,debit,2024-10-06,09:45:00,Chennai,0
200277,159,27,442.55,debit,2024-10-08,06:50:00,Bengaluru,0
200637,227,165,3110.66,debit,2024-04-24,10:23:00,Kolkata,0
200655,281,70,2985.23,credit,2024-09-28,22:57:00,Chennai,0
200623,266,167,2651.1,debit,2024-04-01,08:32:00,Mumbai,0
200845,215,140,786.72,withdrawal,2024-05-22,08:19:00,Mumbai,0
200394,10,190,2458.98,debit,2024-05-01,09:31:00,Kolkata,0
200108,246,94,4543.1,credit,2024-07-01,00:19:00,Pune,0
200350,252,66,1483.28,debit,2024-05-08,20:34:00,Kolkata,0
200525,265,199,3220.86,debit,2024-01-13,08:41:00,Mumbai,0
200785,111,40,2740.76,debit,2024-10-18,06:19:00,Pune,0
200048,296,41,6588.96,debit,2024-10-28,00:22:00,Hyderabad,0
200204,15,31,3884.88,debit,2024-06-25,19:03:00,Bengaluru,0
200022,41,1,438.15,debit,2024-11-04,15:20:00,Ahmedabad,0
200403,275,105,4395.97,debit,2024-03-04,07:29:00,Mumbai,0
201108,187,185,8000.24,credit,2024-09-09,00:43:00,Bengaluru,0
201155,167,110,2481.89,debit,2024-05-21,14:41:00,Delhi,0
200990,48,125,1482.62,debit,2024-05-07,20:50:00,Mumbai,0
200742,204,6,2459.03,debit,2024-11-10,03:12:00,Bengaluru,0
201311,131,3,199.26,debit,2024-11-10,05:24:00,Ahmedabad,0
201148,281,190,3069.48,debit,2024-05-01,07:43:00,Kolkata,0
200034,238,23,2282.22,debit,2024-09-16,09:07:00,Pune,0
200788,287,136,4045.59,debit,2024-07-14,21:38:00,Ahmedabad,0
200924,108,88,2106.73,debit,2024-05-26,14:30:00,Kolkata,0
201044,10,25,1150.19,debit,2024-04-02,06:44:00,Ahmedabad,0
201439,96,3,83.7,debit,2024-06-21,07:59:00,Ahmedabad,0
201244,48,67,1766.86,debit,2024-07-08,08:24:00,Delhi,0
200580,109,182,316.68,debit,2024-06-04,20:49:00,Kolkata,0
200482,111,152,1390.34,debit,2024-04-26,00:02:00,Ahmedabad,0
200932,265,61,959.2,debit,2024-10-22,16:05:00,Mumbai,0
200357,243,1,5282.63,debit,2024-01-12,06:09:00,Ahmedabad,0
201249,139,164,785.16,debit,2024-11-03,07:04:00,Pune,0
200760,272,81,1382.66,debit,2024-06-25,02:21:00,Bengaluru,0
200093,253,199,3399.39,debit,2024-03-14,18:24:00,Mumbai,0
201176,248,59,4531.96,withdrawal,2024-11-15,03:38:00,Bengaluru,0
201416,240,91,1888.59,refund,2024-04-15,13:19:00,Bengaluru,0
201342,180,134,752.69,refund,2024-11-09,09:53:00,Kolkata,0
200804,122,168,1583.29,withdrawal,2024-06-17,03:07:00,Pune,0
200746,105,30,427.6,debit,2024-04-04,06:59:00,Hyderabad,0
200280,222,31,3905.4,debit,2024-08-05,16:27:00,Bengaluru,0
200765,106,23,2513.38,debit,2024-09-02,10:03:00,Pune,0
200605,151,144,1131.94,debit,2024-03-06,20:56:00,Hyderabad,0
201481,155,87,7370.29,debit,2024-04-21,19:19:00,Bengaluru,0
201374,64,76,1901.5,debit,2024-03-12,05:39:00,Chennai,0
201399,196,24,2741.63,debit,2024-01-07,15:05:00,Delhi,0
200401,283,71,1792.09,debit,2024-10-13,09:31:00,Ahmedabad,0
200258,121,57,2861.34,debit,2024-02-01,19:08:00,Pune,0
200945,91,27,782.75,withdrawal,2024-01-21,05:52:00,Bengaluru,0
201097,11,179,116.59,debit,2024-10-06,20:32:00,Kolkata,0
201220,237,104,1563.91,debit,2024-08-07,22:19:00,Delhi,0
201162,65,66,1569.05,debit,2024-10-23,20:45:00,Kolkata,0
200495,192,54,5642.49,debit,2024-05-05,15:38:00,Delhi,0
200773,10,106,578.23,debit,2024-04-04,21:59:00,Hyderabad,0
200551,111,30,1158.31,debit,2024-08-08,02:30:00,Hyderabad,0
200202,161,78,2488.57,debit,2024-11-24,16:06:00,Ahmedabad,0
200313,92,67,718.57,debit,2024-05-20,11:58:00,Delhi,0
200291,195,75,3250.01,debit,2024-02-27,19:50:00,Delhi,0
201214,245,165,1165.19,withdrawal,2024-09-27,20:33:00,Kolkata,0
200764,139,104,2138.44,debit,2024-11-24,05:52:00,Delhi,0
201137,169,104,322.5,debit,2024-08-15,20:51:00,Delhi,0
200950,292,160,1286.09,debit,2024-01-20,13:12:00,Ahmedabad,0
200184,86,66,2516.16,refund,2024-01-02,19:54:00,Kolkata,0
201177,183,154,1411.09,withdrawal,2024-05-12,03:09:00,Bengaluru,0
201350,96,55,3971.33,withdrawal,2024-04-12,08:54:00,Pune,0
201069,37,144,3888.83,withdrawal,2024-09-13,04:32:00,Hyderabad,0
201469,104,131,1935.46,withdrawal,2024-11-14,10:41:00,Pune,0
201031,8,64,4550.07,debit,2024-04-19,04:11:00,Mumbai,0
200251,300,3,103.78,debit,2024-01-05,06:09:00,Ahmedabad,0
200824,237,73,1552.72,debit,2024-10-20,17:36:00,Hyderabad,0
201100,86,98,3179.19,debit,2024-05-15,23:09:00,Ahmedabad,0
200941,253,2,2457.0,credit,2024-08-15,14:29:00,Bengaluru,0
200392,101,194,211.3,withdrawal,2024-06-27,12:25:00,Ahmedabad,0
201457,221,112,4556.75,debit,2024-10-26,13:55:00,Ahmedabad,0
201093,37,135,1496.03,withdrawal,2024-04-17,22:46:00,Ahmedabad,0
201192,52,176,600.81,credit,2024-09-16,03:04:00,Hyderabad,0
200905,90,56,604.24,debit,2024-01-19,23:06:00,Chennai,0
200731,174,165,3096.55,debit,2024-06-13,05:58:00,Kolkata,0
200555,203,74,166.08,debit,2024-01-19,11:49:00,Bengaluru,0
200367,41,50,947.87,debit,2024-04-06,18:34:00,Kolkata,0
200346,68,11,2216.92,debit,2024-03-02,05:53:00,Ahmedabad,0
200536,36,131,2265.59,withdrawal,2024-06-15,15:15:00,Pune,0
201423,84,167,1905.11,debit,2024-04-27,19:07:00,Mumbai,0
201210,51,92,3608.58,debit,2024-05-25,17:29:00,Hyderabad,0
201373,152,5,432.7,debit,2024-10-21,13:26:00,Ahmedabad,0
200920,296,136,1205.87,debit,2024-09-24,20:18:00,Ahmedabad,0
200212,124,75,1960.63,debit,2024-11-08,08:22:00,Delhi,0
200503,190,118,1726.21,debit,2024-11-21,15:48:00,Mumbai,0
200538,11,86,2372.87,debit,2024-07-04,01:27:00,Pune,0
201221,279,132,6851.59,debit,2024-06-14,06:47:00,Bengaluru,0
200176,60,57,4978.35,credit,2024-11-06,03:50:00,Pune,0
